dataset,policy,median_hidden_test,mean_hidden_test
breast_cancer,fixed 0.2M,0.916084,0.9163049788000001
breast_cancer,fixed 0.5M,0.937063,0.9369035596000002
breast_cancer,fixed 1M,0.937063,0.9368476156000001
breast_cancer,fixed 2M,0.881119,0.8811190000000001
breast_cancer,adaptive controller,0.937063,0.932153914
wine,fixed 0.2M,0.933333,0.9326218959999998
wine,fixed 0.5M,0.933333,0.9333330000000002
wine,fixed 1M,0.933333,0.9329774440000002
wine,fixed 2M,0.933333,0.9333330000000002
wine,adaptive controller,0.933333,0.9333330000000002
digits,fixed 0.2M,0.375556,0.3763591092
digits,fixed 0.5M,0.504444,0.5028306740000001
digits,fixed 1M,0.362222,0.36214377680000004
digits,fixed 2M,0.368889,0.3688890000000001
digits,adaptive controller,0.504444,0.45179585099999997
diabetes,fixed 0.2M,73.8198,73.5963503
diabetes,fixed 0.5M,60.6757,60.69973234
diabetes,fixed 1M,73.7838,73.70341068000002
diabetes,fixed 2M,62.4054,62.4054
diabetes,adaptive controller,60.6757,65.25233211999999
