rank,n1M,n2M,n5M,n10M,completed_runs_per_10M_walltime,mean_normalized,worst_normalized,Breast Cancer,Wine,Digits,Diabetes
1,0,4,12,16,60,0.9537037037004773,0.8148148148104991,0.93007,0.955556,0.348889,-44.396396
2,0,4,16,12,64,0.9537037037004773,0.8148148148104991,0.93007,0.955556,0.348889,-44.396396
3,0,16,4,12,100,0.9537037037004773,0.8148148148104991,0.93007,0.955556,0.348889,-44.396396
4,0,16,16,0,112,0.9537037037004773,0.8148148148104991,0.93007,0.955556,0.348889,-44.396396
5,0,4,4,24,52,0.9444444444412672,0.7777777777736586,0.923077,0.955556,0.348889,-44.396396
6,0,4,8,20,56,0.9444444444412672,0.7777777777736586,0.923077,0.955556,0.348889,-44.396396
7,0,4,28,0,76,0.9444444444412672,0.7777777777736586,0.923077,0.955556,0.348889,-44.396396
8,0,8,16,8,80,0.9444444444412672,0.7777777777736586,0.923077,0.955556,0.348889,-44.396396
9,0,8,20,4,84,0.9444444444412672,0.7777777777736586,0.923077,0.955556,0.348889,-44.396396
10,0,12,12,8,92,0.9444444444412672,0.7777777777736586,0.923077,0.955556,0.348889,-44.396396
11,0,12,16,4,96,0.9444444444412672,0.7777777777736586,0.923077,0.955556,0.348889,-44.396396
12,0,16,12,4,108,0.9444444444412672,0.7777777777736586,0.923077,0.955556,0.348889,-44.396396
