53,7,52,52,18,17,21,38,0,-4,13,-19,14,16,-21,-4,-2,1,-37,-5,50,-2,51,44,13,15,21,22,-18,12,0
-11,-44,-13,-12,-64,-40,-26,-30,-54,-31,-30,-42,-28,-21,-24,-21,-16,-29,-17,-20,-17,-52,-19,-17,-51,-28,-23,-29,-30,-26,1
28,-21,32,24,54,76,53,76,127,50,79,-13,73,56,10,21,5,62,8,41,40,-22,44,34,31,27,16,67,57,37,0
29,-16,28,26,11,0,15,29,1,-29,-11,-20,-10,-4,-24,-18,-9,5,-25,-16,24,-3,23,20,13,-3,9,34,11,-5,0
72,19,74,77,25,56,62,85,3,-6,74,-29,78,71,-32,5,3,15,-20,0,76,0,84,78,-4,26,29,61,-8,3,0
24,7,21,19,-51,-20,-21,-21,5,-42,-18,-36,-17,-13,-46,-19,-18,-32,-4,-24,20,4,20,12,-45,7,-4,-13,86,-13,0
-20,-33,-18,-20,46,16,-21,-15,22,69,0,-31,3,-11,32,38,-4,-3,38,63,-20,-47,-20,-21,14,-1,-27,-26,-9,33,1
36,-64,41,33,54,106,84,82,72,71,85,-17,95,89,-7,41,21,21,33,27,61,-43,75,66,42,81,63,72,83,60,0
29,38,30,26,27,48,32,26,14,9,23,-10,14,23,-13,53,10,-2,-20,28,47,41,43,46,37,95,55,36,20,85,0
-40,-8,-41,-33,-64,-49,-35,-40,-17,7,-5,127,-10,-14,-56,-33,-32,-59,62,-24,-42,-25,-43,-33,-87,-45,-41,-54,-49,-32,1
9,-18,9,4,7,20,-5,11,-16,26,-3,-21,-9,-3,-31,-13,-12,-8,-37,-7,4,-27,3,-1,-27,-8,-13,-6,-36,2,1
-5,11,-4,-8,13,13,7,5,-10,6,-23,-35,-21,-16,-18,-6,-2,5,-25,-7,-4,2,0,-8,41,33,33,53,-5,39,0
8,-12,7,3,50,16,26,32,18,-3,109,13,92,49,30,16,32,83,112,-10,16,-22,14,6,12,-8,8,25,25,-22,0
1,33,2,-4,-3,17,9,14,50,7,3,35,12,-6,39,20,4,23,87,11,4,46,8,-4,33,30,14,30,89,32,0
-8,6,-6,-10,-32,11,5,-17,-23,7,-14,-22,9,-12,-22,71,43,10,-20,49,-5,-1,8,-8,-17,61,55,10,-3,70,1
11,43,14,8,29,40,31,33,14,12,5,-11,11,3,-19,9,3,-4,-11,-10,27,56,41,23,45,70,52,42,55,25,0
4,-38,3,-1,33,-7,-8,14,-18,-7,-11,-28,-11,-10,-10,-23,-16,-1,5,-3,-3,-45,-4,-7,3,-21,-21,-3,-15,-10,1
-47,-25,-44,-37,-3,13,1,-21,-58,39,-10,-13,7,-17,117,73,59,58,11,20,-45,-44,-42,-35,-20,-13,-18,-36,-62,-12,1
-3,-10,-5,-6,-40,-24,-24,-29,-38,-31,-18,-26,-21,-14,-44,-17,-14,-29,-27,-21,-6,-16,-9,-8,-50,-15,-18,-26,-28,-24,1
-16,-2,-18,-17,-31,-37,-32,-33,-30,-15,-26,18,-27,-20,8,-30,-25,-26,-5,-18,-19,14,-21,-19,-14,-33,-35,-35,-18,-21,1
-6,16,-7,-8,-35,-26,-23,-23,-2,-31,-20,-22,-21,-14,-39,-25,-18,-24,-25,-28,-2,23,-4,-5,-32,-10,-10,-1,4,-22,0
4,0,4,1,-29,-15,0,-16,-38,-24,-18,8,-14,-13,-30,-9,1,-14,-25,-17,1,14,1,-2,-33,2,15,-9,-22,-16,1
-49,-35,-49,-39,-11,-37,-35,-40,-9,20,-22,-24,-23,-22,22,-30,-32,-59,23,-5,-46,-44,-46,-35,-23,-37,-41,-54,-16,-10,1
-18,-3,-20,-19,-29,-28,-32,-33,-29,-10,-19,-3,-21,-16,1,-25,-26,-31,-4,-12,-17,7,-19,-18,-5,-24,-34,-30,-2,-6,1
-39,64,-40,-33,-39,-35,-29,-31,-21,-14,-27,27,-26,-22,-5,-22,-18,-28,-18,-17,-37,57,-37,-30,-30,-29,-30,-31,-29,-20,1
-11,2,-12,-13,-11,-15,-28,-23,7,3,-4,-25,-4,-10,-12,-21,-25,-26,5,-16,-12,-7,-11,-14,-16,-18,-30,-24,20,-11,1
8,-4,8,4,-35,8,1,-10,-7,10,3,39,7,0,-13,40,20,18,46,63,0,-1,0,-4,-46,-1,-4,-14,-3,14,1
-45,-39,-43,-36,-45,-10,-11,-22,62,30,1,59,-4,-12,17,24,10,20,76,23,-41,-33,-39,-32,-48,-17,-20,-30,18,1,1
56,2,56,56,41,28,49,65,-9,-10,4,-12,3,10,21,3,22,38,13,2,39,-3,38,35,48,8,37,49,6,-6,0
-2,2,-4,-5,-22,-24,-30,-21,-29,-27,-7,26,-8,-7,-13,-25,-26,-23,-2,-17,-4,12,-6,-7,-29,-28,-34,-26,-20,-26,1
-11,22,-8,-14,31,47,32,17,37,43,-11,-8,-9,-11,-1,23,14,17,-14,20,-7,23,-1,-10,64,55,51,40,24,69,0
61,85,58,71,-3,7,19,32,-4,-27,94,23,81,124,-26,-19,-11,-12,-26,-17,109,109,103,127,11,2,10,25,-2,-3,0
13,103,16,9,25,37,34,30,33,16,-19,4,-15,-13,-18,0,-4,-7,-39,-5,15,121,19,9,79,59,43,42,29,62,0
2,-42,1,-1,7,-17,-13,-2,32,-37,15,-23,15,7,0,-20,-9,6,7,-26,4,-45,3,0,-4,-20,-17,-3,7,-40,1
-12,-13,-11,-13,-37,-9,-6,-6,-26,-23,-4,3,-3,-7,-17,16,13,11,-8,3,-16,-24,-15,-16,-52,-15,-13,-15,-45,-23,1
-16,-24,-17,-17,-37,-19,-20,-26,-16,-36,-20,-21,-19,-16,-11,-6,-11,-26,-2,-24,-19,-31,-19,-19,-32,-18,-20,-31,-21,-36,1
-8,-25,-10,-10,-26,-31,-35,-37,-20,-17,-25,-36,-27,-18,-36,-31,-31,-47,-27,-14,-12,-27,-14,-14,-28,-24,-39,-42,-13,0,1
-28,-31,-27,-26,17,-8,-14,-12,-3,28,-29,-22,-24,-22,4,-12,-5,-8,10,-10,-29,-29,-26,-25,13,-7,-7,-3,19,11,1
-22,-19,-22,-21,22,-26,-21,-18,-54,-15,6,73,7,-4,-5,-20,-6,7,-26,-1,-19,-1,-20,-19,-7,-30,-25,-21,-59,-18,1
-27,15,-27,-25,14,-27,-32,-31,-22,-6,-14,26,-14,-16,-2,-28,-25,-28,22,-20,-26,16,-26,-24,-6,-29,-35,-34,3,-22,1
33,10,34,29,37,38,38,48,20,-5,50,10,45,42,20,41,19,34,-11,13,28,-3,25,25,13,19,12,18,-22,-11,0
-33,-31,-32,-29,5,-1,-10,-22,14,28,-9,-5,-4,-14,3,23,20,5,3,11,-27,-21,-24,-25,0,9,2,-10,5,21,1
-10,-36,-10,-13,-3,-2,-20,-23,-17,43,-26,-32,-31,-19,-19,-4,-1,-22,-16,21,-17,-45,-19,-17,-26,-12,-19,-27,-24,29,1
-8,63,-9,-10,-22,-21,-23,-13,-20,-22,-20,22,-21,-17,-22,-21,-17,-13,-13,-28,-12,58,-14,-14,-36,-23,-25,-16,-22,-34,1
7,-33,4,3,-27,-32,-22,-19,-17,-41,-22,-33,-19,-14,-4,-24,-17,-6,-18,-23,-4,-41,-5,-6,-26,-31,-24,-16,-28,-39,1
-17,-29,-18,-18,-22,-23,-27,-26,-19,-7,-17,-23,-14,-16,-17,-20,-21,-33,-27,-20,-16,-22,-15,-17,-10,-12,-24,-28,-12,-8,1
5,-18,3,2,-23,-22,-15,-17,-46,-41,-22,-12,-22,-15,-37,-20,-14,-28,-30,-29,2,-1,-1,-2,-26,-10,-5,-17,-22,-31,1
-16,-10,-17,-17,-22,-23,-22,-18,19,-30,-8,32,-12,-10,-12,-4,-12,-5,18,-17,-14,16,-17,-15,-12,-15,-20,-9,27,-26,1
-22,-8,-20,-22,52,27,5,6,18,43,1,30,3,-9,78,11,17,34,-10,16,-19,-2,-18,-20,65,6,6,13,-12,15,1
-58,45,-58,-44,-36,-33,-35,-40,8,45,-3,14,-5,-16,58,-28,-32,-59,29,34,-47,26,-48,-36,-10,-34,-41,-54,7,26,1
-17,-37,-17,-17,-36,-15,-8,-19,-18,-5,-16,-22,-12,-15,-28,8,11,-4,-6,9,-20,-33,-18,-20,-42,-3,4,-11,-12,7,1
37,18,34,35,-54,-10,8,8,-4,-42,29,5,24,29,-16,47,28,14,2,14,24,-5,21,20,-62,-12,-4,-11,-27,-32,0
-15,-26,-12,-16,76,40,27,27,33,59,-8,-18,-10,-9,4,14,4,-1,3,14,-5,-10,-3,-8,66,53,38,29,53,69,0
96,17,98,110,17,65,56,82,22,20,72,-18,69,78,-22,11,3,22,-7,11,91,6,95,101,3,32,27,64,12,22,0
-4,-30,-4,-6,-32,-17,-18,-20,-1,-17,-31,-38,-28,-22,-19,7,-8,-17,-9,12,-11,-31,-8,-12,-7,11,-3,-4,23,21,1
28,20,27,26,3,-8,1,14,8,-31,3,-27,0,5,-27,-23,-12,-9,-34,-25,36,18,32,32,33,0,16,40,15,-14,0
-13,-15,-15,-15,-24,-30,-23,-21,0,-20,-28,-31,-28,-20,-33,-30,-19,-24,-17,-25,-12,-18,-15,-14,-14,-21,-13,-7,18,-18,1
-6,64,-8,-8,-50,-34,-30,-31,-44,-23,-28,-4,-23,-19,-22,-23,-24,-33,-23,-24,-10,50,-9,-11,-31,-22,-29,-27,-11,-23,1
35,12,43,32,65,94,91,60,36,37,0,-25,5,2,1,20,28,-6,-18,14,31,11,41,25,78,66,91,39,16,61,0
31,45,30,28,11,7,31,15,-57,-18,16,25,15,15,127,104,109,127,3,99,12,12,13,9,-11,-15,0,-2,-64,-27,0
-33,-5,-33,-29,26,-22,-26,-25,-37,14,-30,20,-29,-23,19,-28,-14,-12,-10,-6,-34,-6,-35,-28,13,-30,-28,-23,-34,-10,1
8,-27,8,3,-30,4,-9,-9,9,-16,-20,-40,-9,-15,-31,11,4,-1,-25,-7,1,-32,7,-4,-27,21,9,11,2,-1,1
-40,-44,-36,-35,71,71,12,18,30,127,-15,10,-17,-17,127,40,19,14,20,86,-37,-39,-36,-31,97,22,2,-3,-3,89,1
29,44,28,26,-31,5,12,8,-39,-39,14,26,8,15,11,30,17,29,-18,-1,28,50,25,24,16,31,33,28,-20,-8,0
-15,-47,-17,-16,-54,-38,-32,-31,-22,-12,-9,15,-12,-11,34,-27,-25,-19,29,11,-20,-47,-23,-19,-54,-38,-38,-42,-31,-24,1
29,20,30,28,-14,15,3,22,35,-36,53,24,55,40,-4,59,14,50,24,23,28,8,30,24,-27,6,-7,18,8,-16,0
-5,22,-6,-8,-20,-16,-16,-12,1,-25,-20,8,-18,-15,-27,-20,-11,1,-16,-21,-7,31,-7,-10,-23,-17,-7,7,-2,-25,1
8,-31,6,3,-36,-11,-13,-13,-13,-27,-19,-44,-16,-12,-39,-14,-9,-16,-34,-16,7,-38,5,2,-37,5,5,0,-11,-2,1
12,-36,14,5,27,67,47,41,83,33,5,-28,9,4,-3,48,31,55,58,7,12,-34,18,6,9,67,52,60,86,26,0
62,42,68,65,33,73,90,83,40,27,69,-11,97,62,-7,30,45,74,-1,27,54,19,69,54,12,32,56,67,1,25,0
-24,-8,-24,-23,-18,-16,-22,-28,-45,-2,-9,-9,-6,-13,-4,2,-10,-19,-7,-5,-23,-21,-23,-22,-25,-15,-23,-28,-35,-13,1
102,40,106,114,25,99,97,113,3,22,61,15,75,63,11,54,24,44,-37,23,92,40,100,97,35,69,54,82,-27,36,0
52,42,51,50,13,34,66,55,46,-7,12,-1,-1,19,-21,11,15,-6,-18,-7,43,40,40,41,-7,26,42,28,19,1,0
0,-15,-2,-4,-37,-30,-25,-13,-19,-23,-30,26,-26,-21,-18,-22,-21,-13,-13,-27,-9,-2,-10,-11,-36,-26,-28,-17,-19,-31,1
5,34,4,1,-15,-11,-23,-16,-14,-18,-3,-6,-9,-4,-23,-13,-21,-15,0,-10,-1,17,-4,-4,-30,-16,-27,-21,-19,-20,1
2,-18,-2,-2,-76,-47,-32,-35,-34,-40,-33,-28,-33,-22,-37,-38,-27,-41,-20,-27,-9,-26,-12,-11,-66,-41,-35,-39,-22,-39,1
-17,23,-18,-17,-34,-31,-28,-30,-30,-13,-21,-4,-20,-16,-21,-23,-23,-36,-17,-16,-14,32,-13,-14,-10,-15,-23,-24,9,-4,1
-36,2,-36,-31,10,-17,-33,-31,-1,2,-19,49,-19,-17,60,-6,-28,-23,18,-17,-37,-14,-37,-30,-8,-27,-39,-44,-32,-28,1
59,20,57,59,-12,19,30,39,-4,-56,56,15,69,56,11,18,22,81,40,-16,47,11,49,45,-21,7,16,37,0,-43,0
-8,9,-10,-10,-54,-31,-28,-30,-10,-17,-9,15,-8,-10,8,-9,-19,-31,0,-13,-11,14,-11,-13,-29,-18,-29,-34,-11,-17,1
-17,-9,-18,-18,-12,-15,-24,-27,-39,0,-22,-1,-19,-18,-22,-15,-18,-33,-23,-22,-19,11,-17,-19,-16,-6,-17,-27,-25,-12,1
6,-33,4,2,-17,-16,-17,-11,-33,-16,-7,-46,-5,-8,-24,-18,-14,-5,3,-12,7,-39,7,0,-15,-11,-9,5,10,-4,1
-9,-27,-6,-11,105,44,47,40,14,63,-1,-16,-7,-3,1,6,22,11,-19,37,1,-17,0,-3,76,30,53,40,12,96,0
-23,-7,-23,-22,-26,-27,-22,-25,-33,-19,-26,-25,-25,-20,-4,-15,-11,-21,2,-12,-23,-9,-23,-22,3,-15,-13,-15,15,-9,1
2,3,8,-2,-42,73,84,25,-11,66,-4,16,9,-8,-18,85,108,57,18,103,-6,-10,0,-9,-61,32,59,17,-25,41,1
-2,-22,-4,-5,-21,-30,-29,-23,-44,-17,-18,8,-18,-14,-15,-31,-27,-28,-19,-19,-7,-1,-10,-10,-24,-31,-33,-28,-27,-22,1
-25,14,-25,-23,-20,-23,-15,-24,-37,11,-20,-13,-20,-18,21,-17,-8,-26,-18,-15,-21,17,-22,-20,53,-7,5,-15,-4,7,1
-41,-18,-40,-34,-27,-7,-2,-21,27,38,-26,-15,-23,-21,-12,16,17,-16,-12,2,-36,-13,-34,-30,-13,17,23,-16,3,24,1
20,-26,17,16,-4,-22,-13,-2,-11,-27,-23,-42,-28,-14,3,-23,-8,13,-27,-14,7,-40,3,3,4,-24,-12,10,-30,-20,1
-14,-9,-16,-15,-52,-47,-35,-36,-32,-48,-6,-15,-8,-8,-13,-36,-31,-41,-1,-31,-17,-24,-19,-16,-56,-42,-40,-47,-33,-49,1
64,52,68,61,43,109,63,84,69,50,28,-25,26,33,-29,38,6,20,-10,17,70,39,67,70,24,99,58,84,58,76,0
8,-17,6,3,6,-15,-25,-9,-3,-28,-16,0,-15,-12,-21,-21,-25,-13,-26,-24,-1,-14,-2,-5,-15,-18,-31,-14,-25,-34,1
-19,-10,-21,-19,-46,-39,-35,-35,-49,-9,-20,-17,-22,-17,-24,-32,-31,-39,-22,-23,-21,-18,-23,-20,-44,-36,-39,-41,-36,-23,1
-20,-7,-19,-20,-6,7,-9,-14,19,2,-12,20,-12,-14,19,28,26,31,26,11,-20,7,-20,-20,12,10,0,0,24,-1,1
9,4,12,5,19,32,32,33,6,0,9,-14,14,6,23,20,16,35,-21,-3,14,-8,16,9,32,32,35,46,-4,-3,0
31,127,29,25,5,16,21,33,1,-14,17,-20,3,8,-23,4,-6,11,-31,-12,42,97,33,31,6,23,7,44,-3,2,0
-23,-31,-23,-23,13,-15,-18,-16,9,-5,-17,-10,-19,-16,-4,-23,-11,-8,-15,-12,-24,-23,-25,-22,9,-19,-14,-9,-12,-10,1
-1,2,-1,-5,24,6,9,14,-15,12,-22,-15,-20,-16,-18,-13,-10,-11,-31,-11,6,26,7,0,41,20,19,33,13,37,0
-9,-39,-12,-11,-30,-40,-33,-33,-40,-34,0,-22,-4,-5,-30,-36,-29,-35,-24,-17,-10,-42,-12,-11,-44,-39,-38,-38,-39,-31,1
-5,-60,-5,-8,79,1,-8,14,70,16,1,-11,-3,-5,66,5,-20,-17,18,26,-14,-67,-15,-15,18,-23,-28,-19,-10,-21,1
86,36,84,102,26,15,56,77,-1,-34,74,-16,60,97,-8,-10,3,7,-22,-8,96,25,92,117,27,2,30,45,-16,-11,0
42,42,44,41,25,52,57,63,44,-4,53,14,45,51,-9,14,19,0,-3,8,46,42,51,46,24,33,49,34,26,23,0
15,-58,15,9,20,16,12,12,-2,-1,-29,-46,-28,-20,-11,-13,1,-5,-33,-18,5,-58,5,-1,31,8,18,15,-17,-4,1
3,-30,3,-1,9,-1,-2,6,-9,-9,-19,-27,-12,-14,-14,-5,-1,17,-23,-14,-2,-30,2,-6,-1,3,5,22,-11,-12,1
-33,4,-33,-29,26,-27,-16,-15,-8,7,-3,79,-5,-12,93,-20,-14,-2,50,-3,-31,19,-32,-27,27,-30,-23,-22,-1,-11,1
43,5,39,42,-16,-27,-3,9,-29,-57,-9,-22,-8,-2,5,-25,-6,15,-5,-24,25,-7,21,21,-11,-28,-8,7,-17,-46,0
-36,-30,-37,-31,-8,-34,-35,-38,-11,-10,3,3,-2,-10,76,-24,-30,-47,17,-4,-29,-23,-30,-25,28,-30,-40,-49,1,-12,1
-58,44,-57,-44,-22,10,1,-29,27,65,-22,15,-23,-21,87,67,59,10,1,42,-50,31,-50,-37,39,10,9,-31,-6,38,1
-22,-16,-24,-21,-49,-41,-32,-30,-15,-24,-6,-30,-10,-10,-5,-32,-26,-27,5,-13,-19,-30,-22,-19,-46,-38,-36,-34,-9,-27,1
-39,5,-39,-33,15,-31,-32,-34,-52,27,-8,47,-11,-15,42,-19,-27,-32,-10,21,-35,3,-36,-29,-1,-32,-38,-43,-48,10,1
-24,-6,-24,-22,-6,-26,-25,-23,4,-15,-1,-21,-2,-9,-7,-26,-20,-13,8,-27,-22,-16,-23,-21,-20,-30,-29,-23,-8,-33,1
106,-13,109,126,45,81,98,119,18,-7,72,-20,72,88,-7,29,10,17,9,-5,113,-11,117,127,29,67,54,77,38,7,0
70,12,74,78,-5,56,52,50,-9,-4,93,8,99,91,-14,42,30,20,-6,9,80,13,85,87,-7,43,44,33,-4,8,0
51,14,51,51,33,34,43,66,31,-12,42,-24,29,43,-10,25,6,45,6,9,49,-1,44,48,17,33,25,61,34,6,0
15,-1,21,10,68,81,80,63,66,59,15,6,11,9,23,69,65,56,125,40,8,-8,12,2,32,49,60,47,65,36,0
4,59,7,1,43,34,30,21,58,35,-4,-10,1,-5,-15,29,15,-4,-8,19,8,58,17,4,50,79,62,27,64,85,0
3,3,4,-1,4,6,2,8,9,5,-13,36,-7,-10,10,6,1,13,-22,7,1,26,3,-3,15,9,6,20,-10,16,0
2,21,6,0,21,59,49,32,17,45,37,3,42,17,24,78,36,34,-14,26,10,19,12,5,45,73,61,31,-3,50,0
-25,-37,-26,-23,-5,-39,-35,-37,18,-20,-20,4,-21,-17,14,-29,-30,-42,10,-25,-27,-34,-28,-24,-9,-36,-40,-49,-8,-35,1
52,21,51,57,6,0,23,39,-25,-39,44,-11,50,57,-6,-12,1,18,-26,-20,74,26,77,87,27,12,38,59,-7,-14,0
-50,12,-49,-40,68,-8,-23,-32,3,21,-5,48,-5,-16,50,10,-2,-12,46,-9,-44,7,-43,-34,45,-17,-27,-41,3,-12,1
-21,-33,-20,-21,-36,-4,-9,-18,-35,21,-25,-32,-24,-20,-1,24,7,18,7,34,-25,-41,-24,-23,-35,5,-1,-4,-15,25,1
21,29,23,18,3,28,36,33,43,-3,4,-11,2,5,-15,24,28,25,40,3,21,27,22,17,13,42,63,53,94,21,0
58,10,57,60,-11,17,25,44,42,-38,53,29,38,47,-22,9,8,27,27,-12,47,7,43,44,-32,-1,5,22,15,-35,0
-2,-23,-4,-5,-62,-34,-27,-33,-23,-36,-18,-33,-18,-12,-35,-20,-12,-23,-16,-21,-5,-29,-7,-7,-67,-26,-25,-33,-18,-31,1
-13,11,-13,-16,8,11,7,10,-8,35,-7,33,-2,-14,60,26,18,57,2,23,-19,-1,-17,-20,-5,-6,-8,-2,-34,1,1
-21,-38,-23,-21,-43,-37,-26,-17,35,-7,20,3,15,-1,10,-19,-17,34,30,-20,-19,-38,-21,-19,-41,-34,-31,-15,9,-29,1
-15,-14,-15,-16,-16,-17,-21,-20,-32,-10,-30,-24,-26,-21,-34,-21,-19,-23,-20,-26,-14,-7,-13,-15,-7,-1,-11,-4,6,-13,1
-36,-13,-35,-31,24,-11,-28,-24,13,28,-19,0,-19,-19,9,-20,-23,-20,20,-1,-34,-15,-33,-28,12,-22,-31,-28,7,7,1
19,-9,18,15,3,6,2,9,7,-1,37,7,28,27,-3,-11,-2,0,-7,-4,25,-2,21,21,-1,-6,0,4,-6,-4,0
-25,-3,-26,-23,-21,-32,-26,-22,24,-14,-16,43,-14,-17,-6,-20,-18,-9,48,-10,-26,2,-26,-24,-29,-31,-30,-25,17,-24,1
-18,-34,-18,-19,17,-8,-9,-17,-15,-10,-16,-27,-16,-15,-16,-20,-9,-30,-24,-16,-16,-25,-16,-17,24,-8,4,-23,-8,-2,1
9,20,8,6,-13,-20,-14,-12,-22,-26,-11,-21,-12,-7,-25,-26,-16,-12,-36,-25,13,30,10,9,9,-10,-1,19,-12,-9,0
2,23,3,-2,19,7,23,11,14,-13,-24,36,-15,-16,-10,0,14,6,-23,-1,-6,43,-2,-8,8,3,21,11,-10,-1,0
-16,-31,-18,-17,-22,-35,-27,-23,-27,-25,-2,-17,-4,-7,6,-30,-19,-7,32,-27,-20,-45,-22,-19,-39,-37,-33,-32,-30,-42,1
-3,-25,-4,-6,-19,-22,-31,-32,-46,-19,-5,-41,-10,-8,-7,-24,-24,-30,-31,-14,-6,-42,-9,-10,-36,-29,-35,-39,-52,-27,1
6,33,8,2,51,27,15,35,17,17,-5,4,-6,-3,-4,-4,-9,1,-6,-7,7,39,7,3,46,17,4,23,20,9,0
35,5,30,31,-29,-22,-6,6,38,-55,18,0,9,12,-32,-30,-9,-9,106,-22,29,11,21,22,-36,-27,-8,2,97,-39,0
-24,-34,-23,-23,21,-13,-14,-24,-3,13,-24,-3,-21,-19,-22,-8,9,-18,-9,-2,-25,-19,-24,-23,4,-11,-3,-19,1,13,1
5,-29,6,0,41,19,4,19,36,3,14,-27,16,3,-16,32,12,23,13,12,1,-38,2,-4,-7,10,-3,12,12,1,1
24,17,25,20,0,18,18,10,11,-28,8,-17,3,5,-14,-1,4,1,26,-13,25,17,26,20,34,25,38,32,96,4,0
-33,27,-33,-29,13,-22,-25,-25,-12,12,-14,-4,-9,-14,32,-19,-14,4,50,-21,-35,-8,-35,-29,-26,-34,-34,-39,-34,-28,1
-33,-28,-33,-30,22,-16,-33,-30,-2,8,-25,-17,-27,-21,-6,-30,-29,-34,-21,-11,-31,-30,-32,-27,2,-28,-37,-33,-15,-2,1
55,33,57,55,29,49,55,66,52,53,82,30,82,71,9,38,43,39,24,24,50,19,50,47,3,16,31,37,19,18,0
22,6,23,17,6,32,36,34,-1,2,-12,4,-6,-6,-5,27,21,33,-14,9,11,14,16,6,13,42,45,43,7,19,0
6,-38,9,1,17,49,22,12,33,50,18,17,32,8,30,46,20,21,21,18,2,-37,7,-4,-2,21,6,-2,-4,14,1
-37,14,-38,-32,-36,-39,-34,-36,-20,7,-26,7,-27,-21,-14,-34,-30,-41,-23,-16,-34,16,-35,-28,-28,-37,-39,-42,-28,-6,1
1,28,4,-4,28,84,43,15,67,56,-14,50,-12,-6,9,127,82,25,110,89,-3,58,0,-6,30,127,83,30,110,103,0
-11,-9,-11,-13,8,-5,-20,-21,-10,-12,-16,-7,-17,-15,-19,-16,-12,-18,-12,-11,-13,-5,-14,-14,-5,-8,-15,-17,-7,-8,1
38,5,37,36,-3,3,9,21,-1,-24,6,-25,6,11,-29,-20,-10,-6,-26,-18,44,10,44,42,17,0,15,38,7,-1,0
13,-53,14,8,71,32,45,51,19,35,3,-31,0,4,-17,-4,10,8,-10,4,17,-44,17,13,29,20,45,33,15,29,0
50,41,48,50,17,-3,30,35,-16,-39,8,9,1,13,50,-11,16,17,-16,-23,35,27,32,31,29,-14,18,15,-30,-40,0
63,31,63,66,11,35,72,69,47,-17,74,-22,58,77,-19,23,61,35,12,13,62,7,56,65,-16,12,62,46,10,-10,0
-3,32,-4,-6,-37,-22,-17,-21,-3,-38,4,-9,0,1,-28,2,1,-8,19,-8,-8,3,-8,-10,-55,-22,-21,-25,-12,-36,1
49,-8,47,46,18,25,29,39,11,-17,9,-12,1,11,-15,-6,-2,17,-16,-21,51,15,44,43,27,23,22,53,33,-11,0
-8,-5,-7,-11,47,12,13,21,38,22,-14,-18,-15,-12,-6,-4,-3,3,-12,-2,-4,11,-4,-6,65,32,33,45,48,58,0
-15,-17,-17,-16,-49,-42,-30,-26,-38,-32,-3,55,-6,-6,3,-26,-22,-2,49,-10,-22,-28,-24,-20,-68,-41,-37,-41,-50,-42,1
27,7,24,24,-20,-19,-8,5,26,-47,23,-20,21,23,-21,-18,-13,-2,8,-14,24,-3,22,19,-30,-21,-12,-2,18,-33,0
-4,28,-6,-7,-9,-22,-23,-20,-16,-21,-6,7,-12,-6,-13,-8,-12,-13,0,-14,-6,17,-9,-8,-15,-21,-25,-20,-13,-25,1
-47,-34,-43,-38,4,30,-1,-16,12,120,15,-20,6,-11,105,118,24,30,17,127,-43,-51,-42,-34,-17,-2,-20,-32,-32,42,1
-22,5,-22,-22,13,-5,-19,-22,7,8,-23,-19,-24,-18,-19,-14,-14,-32,-23,-13,-19,16,-19,-18,32,8,0,-16,14,9,1
-22,72,-22,-22,-6,-11,-7,-23,0,-5,-10,68,-11,-12,29,-2,10,-12,14,-19,-21,67,-20,-20,12,-10,2,-22,-1,-20,1
-6,82,-7,-9,-9,-18,-24,-13,-49,-12,-7,40,-9,-8,-13,-23,-24,-13,-19,-9,-8,81,-10,-10,-21,-22,-30,-17,-35,-13,1
-12,-43,-12,-13,-19,-15,-19,-19,-23,-6,-9,-31,-8,-11,-6,4,-1,-5,-13,7,-13,-47,-14,-15,-18,-7,-15,-14,-17,-3,1
0,57,0,-5,8,6,-18,-4,-31,-5,-4,16,1,-7,2,2,-12,23,0,17,-6,38,-6,-10,-12,-6,-21,-4,-32,-1,1
-46,-3,-42,-38,9,57,43,1,61,109,8,39,15,-12,29,70,69,69,51,46,-41,-12,-37,-33,-15,23,27,0,11,37,1
-20,16,-20,-20,-72,2,0,-20,-53,15,-17,19,-14,-15,-2,61,33,20,10,58,-23,13,-22,-21,-53,17,6,-13,-30,26,1
56,34,69,55,78,127,113,93,127,83,65,38,96,60,34,74,75,72,127,24,48,31,61,43,45,71,72,65,124,27,0
-17,-9,-18,-18,-9,-19,-18,-23,-12,-16,-18,-24,-16,-16,-13,-20,-12,-23,-5,-21,-13,-8,-12,-14,6,-8,-5,-12,15,-16,1
-1,-16,0,-4,33,15,4,4,12,-7,3,-23,-4,-3,-8,2,-1,9,-1,-13,1,-18,1,-3,27,14,6,11,8,-8,0
-4,-21,-5,-7,-8,-19,-28,-24,-20,-5,-24,-41,-24,-17,-34,-32,-25,-33,-37,-24,-2,-28,-5,-6,-8,-20,-23,-13,-5,-11,1
-12,23,-13,-13,-13,-28,-17,-18,-25,-9,-20,9,-22,-15,4,-23,-9,-14,-16,-13,-11,39,-14,-13,13,-20,-9,-10,-4,-6,0
-2,-15,-4,-6,-20,-26,-30,-31,-22,-17,-22,-20,-22,-16,-26,-28,-23,-35,-30,-24,-5,-11,-6,-8,-24,-24,-29,-30,-27,-21,1
5,-26,1,1,-48,-42,-29,-24,-20,-45,-10,-17,-14,-8,-21,-34,-27,-27,-21,-33,2,-20,-3,-2,-44,-37,-34,-27,-19,-46,1
-34,-21,-35,-30,-4,-33,-31,-36,10,-3,-23,-14,-24,-20,0,-32,-22,-31,-19,-14,-33,-20,-34,-28,-5,-33,-34,-43,-11,-17,1
50,28,49,49,12,17,38,45,22,-17,26,91,42,24,43,27,41,115,25,27,31,24,34,25,-10,-3,15,33,-16,-14,0
-29,-26,-28,-27,11,2,-15,-27,7,25,-31,-38,-25,-23,-27,9,-5,-25,-31,10,-28,-32,-25,-25,1,26,9,-16,-16,41,1
-2,-17,-1,-7,16,29,4,6,35,28,-17,-1,-15,-13,-12,15,6,14,-5,8,-3,6,-2,-7,19,36,27,24,35,37,0
-3,11,-2,-7,55,37,2,10,46,52,22,9,17,9,18,8,-7,14,-21,18,6,12,4,1,47,22,-1,20,14,53,0
46,53,46,45,14,25,41,40,12,-3,29,-12,25,24,3,-2,7,6,-23,-4,50,52,51,49,65,25,43,35,17,22,0
57,16,59,57,50,51,66,85,89,17,21,-11,19,23,-17,-2,-1,10,25,-5,61,31,62,61,38,38,37,74,127,31,0
-12,-12,-14,-14,-41,-35,-30,-25,-40,-32,-13,-19,-12,-12,3,-24,-26,-30,-5,-30,-16,-24,-17,-16,-36,-32,-35,-37,-37,-41,1
16,-10,16,12,3,16,4,15,5,-9,13,-13,12,12,-14,26,-4,6,-3,4,28,8,28,24,10,60,17,32,43,35,0
-28,-31,-28,-26,-39,-20,-21,-23,23,-1,-29,-10,-25,-21,-18,-11,-15,-24,-7,-21,-27,-25,-26,-24,-32,-11,-18,-22,14,-19,1
-13,-51,-14,-14,-20,-28,-26,-20,-25,0,-21,-32,-21,-17,-10,-22,-23,-17,-13,7,-17,-45,-18,-18,-1,-19,-27,-15,-7,18,1
-40,-1,-39,-33,28,-12,-32,-24,85,33,36,30,29,3,62,-12,-26,-6,37,5,-33,-13,-34,-28,11,-24,-38,-33,14,-7,1
-24,-32,-24,-23,-13,-13,-11,-20,-74,-3,-8,-6,-15,-13,3,20,26,28,3,11,-26,-41,-27,-23,-29,-19,-16,-24,-54,-17,1
-15,-21,-12,-16,-2,29,26,0,32,46,-1,0,36,-7,2,85,77,79,42,66,-16,-24,-9,-17,-21,30,31,10,16,33,1
-26,-33,-27,-24,-31,-36,-35,-38,-3,-9,-22,-12,-21,-19,-15,-32,-31,-44,-14,-20,-23,-19,-24,-22,-22,-31,-40,-46,-5,-17,1
-26,-43,-25,-25,49,6,-17,0,-4,-9,-7,7,-16,-10,43,16,-10,40,-18,-4,-29,-50,-29,-25,6,-15,-28,-13,-40,-28,1
-30,-69,-30,-27,0,-28,-25,-26,-49,5,-28,-45,-28,-21,8,-27,-21,-32,-30,-19,-31,-69,-32,-26,16,-26,-25,-32,-40,-12,1
-21,-8,-22,-20,9,-27,-25,-11,-21,0,30,50,22,8,-15,-27,-19,13,-18,-12,-19,-12,-21,-18,-26,-35,-32,-20,-46,-26,0
18,-27,19,13,-3,20,12,18,-2,-13,-8,-26,-3,-5,-13,12,5,15,-22,-8,17,-19,17,11,16,38,32,40,5,12,0
82,4,80,96,-6,15,31,43,-34,-35,109,-26,112,109,-14,14,7,50,4,-10,97,-9,100,109,-18,21,15,53,0,-19,0
-19,11,-18,-19,-24,-1,-9,-9,-25,22,-15,10,6,-13,-4,45,11,24,-7,47,-20,8,-14,-19,-29,5,-6,1,-22,27,1
-13,-14,-14,-15,16,-16,-23,-23,-11,-13,-23,-15,-21,-17,-3,-28,-19,-26,-1,-23,-17,-23,-17,-17,9,-27,-26,-28,-11,-26,1
-50,-5,-50,-40,27,-27,-35,-40,42,48,-8,88,-10,-17,127,-20,-32,-59,127,34,-48,-17,-48,-36,3,-35,-41,-54,11,-5,1
-16,21,-16,-17,12,-1,-14,-17,-29,21,-13,25,-14,-14,44,11,-1,-2,-7,17,-17,15,-19,-18,18,-4,-16,-15,-32,12,1
-23,-62,-24,-22,-24,-27,-30,-33,4,-8,-33,-48,-28,-23,-31,-21,-22,-35,-2,-21,-26,-65,-24,-23,-33,-18,-28,-32,23,-17,1
19,-10,20,15,19,32,18,24,23,10,-8,-30,-11,-3,-30,5,-6,-13,-14,0,27,8,25,22,17,64,36,34,67,67,0
52,4,52,52,24,50,60,41,-8,19,45,-24,21,42,15,43,35,41,-22,39,60,-1,51,61,55,67,83,65,-8,78,0
60,-14,57,63,-4,3,25,34,-27,-35,26,-31,21,29,-9,-11,-6,3,-29,-24,61,-13,57,62,34,10,20,46,-11,-23,0
-25,-2,-26,-24,-35,-34,-21,-22,-33,-27,-15,-15,-16,-16,23,-28,-12,-14,4,-19,-26,-9,-28,-23,-5,-32,-19,-21,-25,-30,1
-4,-27,-6,-7,-4,-23,-17,-9,-10,-27,-9,-31,-14,-9,-6,-23,-14,-3,-7,-23,-9,-34,-12,-11,-6,-25,-18,-10,-19,-32,1
-27,-45,-27,-25,4,-32,-27,-25,3,-8,-21,-24,-23,-18,20,-29,-20,-17,11,-25,-28,-48,-29,-25,2,-33,-30,-28,-3,-28,1
-7,7,-6,-10,19,24,4,11,20,22,-3,-22,-7,-6,-21,-7,-10,-11,-13,-6,8,12,6,2,29,23,13,17,41,32,0
-40,-6,-40,-33,-16,-25,-24,-28,51,6,-3,8,-4,-13,4,-10,-5,-9,-4,1,-34,0,-34,-28,-13,-20,-22,-23,13,2,1
-18,-42,-18,-19,34,-8,-20,-17,-17,15,-18,-40,-18,-16,3,-24,-14,-19,-4,-18,-18,-50,-19,-18,28,-18,-17,-19,-6,-6,1
-44,-39,-42,-36,99,12,-22,-20,46,63,-5,-5,-7,-15,87,0,-10,21,69,1,-38,-40,-37,-31,74,-9,-26,-20,38,10,1
42,-12,43,39,33,40,43,44,12,-10,28,-31,24,25,-8,25,22,27,13,-3,44,-22,42,40,50,50,67,59,43,13,0
-32,7,-28,-29,-13,38,55,9,45,96,-35,1,-8,-25,15,88,118,89,-17,95,-36,-15,-29,-30,-26,21,48,15,-15,61,1
-27,-3,-24,-27,61,68,32,13,46,74,-23,-10,-18,-20,3,34,13,9,-12,7,-20,36,-14,-21,122,127,82,66,61,96,0
-24,-24,-25,-23,-13,-27,-25,-21,-19,4,-28,-25,-28,-21,22,-29,-23,-27,-12,-9,-25,-25,-26,-23,29,-28,-26,-23,-3,6,1
-49,-18,-48,-38,19,-18,-35,-40,21,36,14,49,6,-8,91,-10,-32,-59,-8,33,-40,-15,-41,-32,19,-25,-41,-54,-23,8,1
-23,33,-23,-23,-8,-1,9,-6,-48,13,-19,95,-15,-17,12,7,24,5,-21,10,-25,58,-23,-23,-4,-1,12,-8,-39,6,1
64,9,62,68,2,9,27,56,-29,-27,32,8,28,33,-17,-8,-1,15,-38,-18,63,32,59,66,6,11,24,54,-32,-17,0
-30,19,-30,-27,-19,-28,-21,-28,25,-13,-11,23,-10,-15,-6,-7,-3,-6,-8,-13,-23,32,-22,-22,-3,-17,-12,-19,3,-13,1
-14,-6,-16,-15,-29,-37,-34,-38,-12,-19,-15,8,-18,-13,-7,-30,-30,-44,18,-20,-18,-13,-20,-18,-40,-37,-40,-50,-20,-34,1
-50,-54,-49,-39,4,-31,-27,-34,-14,40,-30,-36,-29,-24,31,-26,-12,-30,0,-12,-45,-52,-45,-34,58,-26,-24,-33,15,11,1
13,5,14,9,48,32,40,36,15,21,30,7,30,22,2,6,17,24,-8,5,33,19,34,28,51,27,41,47,13,30,0
8,23,14,3,8,72,73,41,28,27,-18,-19,11,-12,-1,63,46,54,-21,22,1,9,18,-2,13,89,91,64,-2,54,0
-5,-36,-5,-8,4,-13,-9,0,10,-23,-16,-24,-13,-12,14,-19,-8,8,-4,-17,-7,-33,-7,-9,16,-16,-6,7,3,-20,1
5,24,6,1,-27,18,6,-9,-40,-6,-21,-6,-10,-15,-29,36,32,22,-16,7,-5,8,-1,-8,-42,12,13,-2,-32,-7,1
-2,-30,-3,-6,-2,-16,-17,-9,36,-19,-18,-17,-16,-15,-29,-18,-17,-6,-20,-25,-8,-20,-8,-12,-20,-17,-19,-7,2,-26,1
39,-5,36,36,-24,-11,-3,8,-21,-38,-17,-41,-17,-8,-44,-28,-18,-25,-36,-31,34,3,31,31,-13,-2,11,20,14,-25,0
1,62,1,-2,-33,0,8,-3,-53,-7,-8,62,-12,-7,-8,5,6,-8,-32,-3,-3,75,-4,-6,-34,-3,4,-15,-50,-10,1
10,-44,8,6,-39,-21,-22,-18,-9,-32,-27,-45,-24,-17,-21,-19,-17,-13,-16,-23,0,-51,-2,-3,-28,-16,-21,-15,-21,-28,1
2,17,3,-2,5,4,17,6,10,-7,-14,-11,-3,-11,-12,8,15,0,-2,2,-2,24,9,-4,17,33,35,15,33,30,0
-40,-26,-40,-33,-14,-34,-31,-28,32,2,-16,11,-18,-18,70,-26,-24,-11,-10,5,-36,-25,-37,-30,20,-32,-35,-30,-3,-4,1
-6,9,-4,-9,35,26,22,28,36,46,-1,-16,4,-4,-17,-5,2,9,-14,2,1,20,6,-2,35,26,34,43,33,46,0
-4,41,-5,-6,-3,-11,-1,-3,-22,-18,7,4,1,3,-13,-19,-6,-9,-22,-16,5,49,2,2,-8,-12,6,2,-13,-17,0
56,54,56,54,7,39,30,65,8,-11,70,38,71,50,14,37,26,69,59,5,53,41,51,46,-6,17,14,48,18,-13,0
-42,62,-43,-35,-36,-33,-35,-40,-7,-10,17,96,13,-8,47,-25,-32,-59,33,-6,-38,43,-39,-31,-35,-36,-41,-54,-21,-25,1
-29,16,-31,-27,-52,-37,-35,-40,-16,-15,-10,5,-12,-14,26,-25,-32,-59,33,-18,-30,-5,-31,-26,-46,-36,-41,-54,-22,-31,1
-16,-5,-17,-17,-27,-21,-25,-24,-23,-9,-34,-18,-32,-23,-38,-26,-20,-31,-30,-28,-19,9,-20,-19,-20,-12,-12,-14,3,-21,1
-35,-22,-33,-30,24,5,-9,-7,-7,44,-4,14,-20,-13,35,30,7,19,23,43,-33,-26,-34,-28,11,-4,-13,-8,-15,22,1
-7,-16,-9,-10,-28,-33,-21,-20,-35,-27,-13,-18,-13,-11,-11,-25,-10,-13,-22,-15,-7,-11,-8,-9,-7,-25,-14,-8,-20,-13,1
57,-36,58,60,10,18,43,47,1,-17,44,-24,43,43,46,-2,24,36,-12,15,42,-46,43,40,7,-10,18,23,-27,-12,0
-29,-46,-30,-26,-50,-40,-34,-35,-42,-24,-14,-25,-17,-16,-10,-34,-30,-41,-16,-13,-26,-38,-28,-23,-22,-34,-38,-36,-9,-12,1
-9,10,-7,-10,-22,3,8,-11,-28,-11,-10,-24,-8,-9,2,11,13,4,-19,-7,-9,-1,-6,-11,4,20,25,2,-17,-4,1
-20,16,-20,-20,4,-15,-22,-23,-13,-4,-11,-16,-14,-11,8,-1,-14,-20,-29,0,-17,2,-18,-17,25,-3,-19,-20,-23,2,1
-7,-33,-9,-9,-54,-32,-22,-18,-48,-43,1,-3,-2,-2,-27,-26,-18,-4,-36,-27,1,-17,-2,-2,-45,-26,-21,-7,-43,-38,1
-10,42,-12,-12,-30,-32,-30,-25,-16,-37,-17,1,-19,-14,-11,-29,-26,-27,-31,-26,-12,31,-15,-14,-15,-29,-34,-26,-30,-36,1
-25,-45,-26,-24,6,-17,-22,-17,-4,0,-25,-38,-27,-20,-6,-25,-19,-14,-14,-11,-26,-48,-27,-24,5,-21,-22,-13,-9,-7,1
-12,15,-13,-13,-20,-23,-23,-16,-13,0,40,30,38,11,-26,-13,-10,30,47,23,-16,-11,-17,-17,-54,-33,-33,-32,-36,-26,1
-23,-2,-23,-22,-25,-16,-13,-28,27,0,-14,13,-10,-15,2,-9,12,-14,-8,-5,-21,6,-20,-20,-11,-12,-3,-23,6,-2,1
-17,-43,-17,-18,25,-5,-24,-16,9,9,-24,-22,-14,-19,-3,-2,-22,-18,21,4,-19,-40,-15,-19,15,0,-26,-15,27,14,1
46,40,49,42,-13,70,48,43,59,3,71,25,99,51,-6,127,63,74,118,43,53,38,68,45,-11,96,65,64,86,34,0
10,76,7,6,-31,-35,-17,-17,6,-44,8,23,4,5,-3,-20,-7,-13,39,-23,7,57,3,3,-25,-31,-18,-23,16,-38,0
35,37,31,32,-18,-20,-13,-1,-31,-34,3,12,-1,5,-17,-24,-16,-16,-24,-12,31,46,27,26,-1,-15,-10,0,-20,-8,0
52,16,50,54,-5,17,15,32,34,-31,68,-2,60,66,-3,11,2,28,-7,3,63,15,61,65,4,13,12,32,8,-3,0
-35,60,-34,-30,-14,-16,-11,-17,-24,-7,-22,58,-23,-19,52,3,15,28,-9,13,-36,47,-36,-30,9,-17,-11,-11,-34,-2,1
-4,-44,-5,-7,1,-10,-20,-19,-51,3,-23,-44,-24,-17,-31,-15,-16,-25,-26,-12,-6,-48,-7,-10,-2,-2,-15,-16,-26,5,1
-35,-20,-34,-30,-17,-14,-18,-20,-15,19,-35,-11,-30,-25,33,9,-6,-3,7,23,-36,-19,-34,-30,19,-6,-15,-15,-11,18,1
8,43,5,5,-5,-32,-26,-16,-27,-34,99,55,86,52,-2,-25,-14,38,-47,-23,-8,-3,-11,-10,-54,-40,-37,-41,-66,-50,0
-65,-42,-63,-47,50,-17,-35,-40,15,68,-21,17,-21,-23,32,-26,-32,-59,21,3,-55,-31,-54,-39,37,-27,-41,-54,1,17,1
-20,-4,-18,-19,36,29,13,3,58,67,10,-10,11,1,-16,15,9,-6,7,21,4,12,12,1,44,63,61,19,91,96,0
50,-8,52,52,38,38,64,67,26,-9,41,-9,32,45,-31,-5,8,7,-14,-6,70,3,65,78,16,25,59,53,36,14,0
7,-19,9,3,48,37,32,34,41,22,3,-15,3,2,-1,0,-2,5,-17,1,17,8,19,13,78,38,28,42,33,38,0
-9,23,-6,-11,10,27,-1,2,6,46,-25,-16,-22,-19,-19,8,-7,-17,16,4,-11,18,-7,-13,4,36,6,-1,60,40,1
-12,-45,-14,-13,-21,-40,-32,-29,-39,-6,-13,-13,-17,-13,15,-33,-26,-21,-37,-5,-17,-49,-19,-17,-23,-40,-37,-35,-55,-19,1
8,20,8,4,-26,-1,-8,-8,16,-16,-10,7,-8,-8,-27,4,1,2,-6,2,4,30,3,0,-35,15,5,8,12,14,1
41,7,40,41,-4,2,24,24,-12,-26,55,36,46,42,38,3,18,38,8,5,34,8,32,30,2,-9,10,17,-28,-17,0
-26,73,-28,-24,-52,-41,-35,-40,-86,-34,-10,127,-13,-13,5,-29,-32,-59,-3,-23,-29,64,-30,-25,-56,-40,-41,-54,-66,-43,1
59,61,57,62,-11,2,26,29,-41,-30,15,-1,15,24,-21,-9,2,-4,-28,-10,55,59,54,57,-14,4,20,20,-23,-1,0
32,-31,31,28,6,7,4,26,-7,-6,24,-22,30,17,-15,8,2,10,-6,-1,25,-31,27,20,-10,5,-4,15,-8,-8,0
-11,-24,-10,-13,-22,-5,-16,-14,-3,-2,-22,-25,-19,-17,-18,-17,-17,-21,1,-22,-11,-20,-9,-13,-2,0,-10,-6,31,-5,1
40,19,38,39,-4,-4,10,17,-13,-24,24,-1,15,23,-11,-20,-4,-13,-21,-18,42,29,37,41,20,-6,17,11,10,-14,0
-26,4,-27,-24,-26,-36,-33,-35,-19,3,-32,-7,-30,-23,-30,-34,-28,-38,-21,-17,-28,4,-29,-25,-31,-35,-37,-41,-17,-14,1
-6,-38,-6,-10,27,7,-12,4,-3,16,-29,-36,-28,-20,-27,-19,-19,-14,-14,-12,-9,-38,-11,-12,10,-1,-14,9,15,16,1
-42,12,-42,-35,20,-16,-27,-28,-10,27,-20,45,-19,-19,36,-14,-15,-12,7,5,-39,30,-38,-31,32,-18,-27,-23,-2,14,1
38,-3,36,35,3,5,10,26,1,-27,1,-37,-5,8,-23,-16,-8,-1,-29,-15,38,-4,33,35,16,4,16,30,-5,-4,0
-49,-25,-47,-39,46,-13,-19,-24,-18,60,-28,-35,-24,-23,12,-6,0,-6,-13,0,-44,-31,-41,-34,57,-4,-5,-4,1,30,1
-35,-33,-34,-30,7,-7,-21,-23,-20,32,-7,73,-7,-15,107,37,-6,7,58,33,-35,-32,-34,-30,5,-18,-30,-35,-23,1,1
-11,-21,-12,-12,-40,-30,-20,-20,3,-27,-25,-17,-22,-18,-18,-17,-9,-16,-8,-19,-15,-19,-15,-16,-32,-21,-15,-15,5,-25,1
55,65,52,57,4,0,22,41,-6,-33,45,70,39,46,-14,-2,7,26,-7,-15,50,64,46,49,-22,-13,6,23,-17,-30,0
12,25,11,7,-10,0,9,22,-10,-8,-10,-21,-12,-8,29,-2,13,30,14,-19,2,1,1,-2,-9,-11,1,16,-17,-27,0
10,82,16,6,21,64,66,38,38,39,-17,0,-8,-13,-25,40,40,22,2,26,9,87,21,2,13,106,127,58,58,97,0
83,55,82,94,-2,39,42,63,12,1,80,-14,73,90,-7,5,12,28,-18,-9,99,45,95,119,22,31,44,69,9,5,0
-11,69,-12,-13,-36,-28,-11,-21,-27,-25,-23,8,-22,-17,14,-7,6,-20,-14,-11,-15,51,-17,-16,-14,-19,-5,-23,-26,-20,1
-4,-10,-7,-7,-40,-38,-27,-30,-27,-34,-17,-3,-19,-13,-35,-35,-21,-33,-27,-30,-5,2,-8,-8,-39,-35,-25,-30,-28,-37,1
-16,54,-14,-16,18,19,8,-2,16,29,1,33,-3,-4,21,22,5,8,-7,21,-4,69,-5,-6,65,42,24,15,15,62,0
-14,-21,-14,-16,47,3,-12,-13,16,15,-17,-7,-21,-16,27,-17,-7,0,26,-15,-18,-22,-19,-18,36,-16,-13,-14,12,-15,1
-2,10,-2,-6,-1,-1,-21,-20,-21,18,-15,-9,-12,-12,-8,-7,-6,-13,-21,-2,-8,-5,-7,-11,-8,-10,-20,-22,-32,1,1
-43,17,-42,-35,20,-25,-27,-30,26,14,4,94,-1,-11,79,-15,-18,-15,35,9,-36,28,-36,-29,29,-27,-32,-36,-2,-2,1
-2,-19,-3,-5,-67,-31,-26,-29,1,-33,-30,-36,-24,-19,-39,-22,-22,-34,-28,-19,-7,-20,-5,-9,-54,-11,-20,-25,-11,-12,1
-6,-21,-7,-9,-60,-18,-3,-17,-44,-20,-29,-4,-26,-19,-12,12,17,-6,-31,3,-13,-15,-14,-14,-42,-1,8,-12,-42,-13,1
-15,-13,-15,-17,20,16,-12,-16,-3,14,-17,-19,-12,-15,-4,20,15,-6,-9,35,-13,-13,-11,-16,15,20,6,-8,-5,47,1
9,-2,8,5,-9,-11,-6,-4,-28,-16,-2,-1,-3,-1,-22,-16,-3,-11,-33,-24,9,12,7,5,-11,-9,1,-1,-31,-25,0
-53,10,-51,-41,-5,16,17,-22,49,88,-25,42,-26,-22,56,49,44,-7,8,90,-47,20,-47,-36,43,35,38,-17,20,110,1
18,28,15,14,-34,-22,-22,-12,-32,-26,-2,-2,-6,1,-32,-28,-21,-21,-22,-9,20,41,16,16,-20,-20,-19,-7,2,1,0
-38,-9,-36,-32,2,16,17,-9,-15,81,4,59,5,-9,60,108,85,65,65,127,-33,-7,-32,-28,-3,8,10,-7,-15,55,1
-10,-7,-10,-12,-54,-15,-19,-24,8,-17,-20,5,-7,-15,-36,20,2,-5,20,-1,-14,-6,-10,-14,-55,-5,-17,-23,14,-20,1
-21,17,-22,-21,-23,-33,-29,-31,-36,-17,1,0,-3,-8,-13,-27,-20,-21,12,-23,-21,0,-23,-20,-34,-34,-32,-37,-23,-32,1
-15,-31,-17,-16,-40,-42,-31,-31,-30,-23,-35,-30,-34,-23,-40,-36,-25,-40,-13,-28,-20,-27,-22,-19,-41,-35,-31,-35,-1,-28,1
-3,22,-1,-6,58,14,20,14,4,27,27,50,34,8,70,14,14,45,22,6,1,42,5,-4,58,11,15,25,8,16,0
-25,-12,-25,-23,-18,-31,-24,-23,-23,-16,-25,19,-24,-20,-18,-27,-20,-29,-27,-24,-21,54,-21,-20,18,-19,-14,-13,3,-11,1
-19,-8,-21,-20,-32,-34,-27,-29,8,-7,-21,-33,-21,-17,1,-30,-19,-18,-3,-13,-21,-22,-22,-20,-25,-33,-27,-24,-6,-17,1
69,22,70,70,50,64,76,90,42,15,27,-16,22,32,-19,20,14,6,-1,2,67,15,62,69,25,62,62,61,45,28,0
-24,12,-24,-23,34,-6,-17,-22,5,32,-9,54,-12,-11,34,-15,-6,-21,-9,2,-21,33,-21,-20,33,-17,-15,-25,-7,8,1
-4,39,-5,-7,-8,-15,-14,-14,-5,-7,-20,-12,-18,-15,-31,-24,-14,-24,-27,-26,5,50,6,-1,21,6,15,9,27,-9,0
16,26,19,12,47,44,49,39,34,47,19,-8,13,15,17,25,26,11,-21,24,27,24,23,23,75,47,67,43,18,70,0
-9,0,-12,-11,-37,-40,-35,-37,2,-34,1,0,-4,-5,4,-29,-31,-38,4,-9,-13,-18,-16,-14,-43,-38,-40,-49,-23,-36,1
-27,23,-27,-25,-1,-13,-16,-21,26,12,-14,14,-14,-17,-37,9,2,-7,30,10,-28,13,-28,-25,-33,-15,-18,-24,13,-6,1
-9,-5,-9,-13,29,16,3,7,27,10,-11,17,-4,-14,8,24,18,36,28,21,-13,-4,-12,-16,3,2,-3,6,10,-2,1
-4,-23,-5,-7,-31,-24,-25,-23,8,-27,-28,-40,-24,-20,-30,-17,-20,-27,-5,-18,-9,-28,-7,-12,-31,-9,-21,-21,20,-12,1
-28,-18,-27,-26,28,-15,-23,-19,-10,3,-25,10,-24,-20,-20,-28,-21,-21,-13,-18,-25,4,-26,-23,6,-21,-25,-19,4,-9,1
-27,-33,-28,-26,11,-28,-26,-19,-27,17,-23,33,-24,-16,82,-8,-18,21,36,11,-32,-45,-33,-27,-15,-34,-35,-34,-50,-19,1
-22,-7,-22,-22,44,-1,-7,-11,0,11,-11,25,-11,-14,15,-4,-3,12,-19,0,-20,18,-20,-20,52,2,1,4,-5,12,1
50,95,48,53,-28,6,10,15,-43,-43,41,6,31,55,-16,1,-6,-4,-27,-18,78,100,70,92,12,30,18,23,-10,-14,0
-39,-26,-38,-33,-3,-12,-26,-20,-48,27,-18,0,-14,-19,17,-9,-21,-25,-9,-4,-33,-14,-31,-28,13,-6,-28,-23,-20,14,1
32,0,31,28,-15,10,6,22,-34,-35,0,-22,4,1,-10,0,-5,9,-18,-13,28,1,31,21,8,17,11,38,1,-9,0
-10,21,-13,-11,-80,-51,-35,-39,-47,-46,-27,-4,-28,-19,-38,-40,-30,-50,-17,-32,-15,17,-18,-15,-72,-44,-39,-50,-30,-44,1
5,-41,4,1,6,-9,-3,-4,-7,-28,2,-33,-4,-2,-22,-13,-2,-15,-20,-17,4,-43,2,-1,-14,-12,-4,-11,-14,-23,1
-15,4,-15,-17,-28,-1,-8,-14,-2,-1,-4,-10,-4,-8,-6,14,14,12,24,9,-18,-13,-18,-18,-39,-8,-13,-18,-11,-11,1
19,16,19,15,11,15,6,7,41,-17,4,3,0,3,-23,-10,-10,-12,-20,-16,22,30,22,17,10,10,3,8,28,-13,0
11,-46,9,7,-34,-25,-12,-14,-51,-33,-23,-48,-21,-15,-29,-23,-14,-22,-41,-24,8,-50,7,3,-14,-7,3,-5,-29,-16,1
-6,-7,-7,-9,15,-13,-19,-17,-19,-25,-13,9,-12,-11,-12,-18,-13,-12,-7,-23,-7,1,-9,-10,2,-16,-20,-17,-11,-31,1
34,63,34,31,9,17,32,29,-10,-16,-1,-8,1,4,-25,-9,4,-3,-30,-14,35,65,37,32,11,24,53,39,3,11,0
127,-6,127,127,44,29,92,93,-18,-33,127,15,127,127,66,4,31,12,98,7,79,-37,78,93,-26,-21,6,22,-62,-49,0
34,-44,30,32,-42,-25,-18,-5,-67,-46,10,-9,6,9,-28,-30,-20,-21,-28,-28,24,-37,19,19,-48,-31,-25,-15,-55,-43,1
-18,-11,-18,-19,17,-4,-16,-12,16,-5,-14,25,-16,-13,11,-16,-14,-21,-2,-23,-18,0,-18,-18,15,-16,-17,-25,7,-23,1
20,2,24,15,16,52,53,36,40,13,-10,-13,4,-5,22,50,47,53,25,29,8,-13,15,4,8,38,46,30,20,12,0
-35,-51,-34,-30,9,-17,-28,-24,0,13,-25,-37,-24,-21,-14,-21,-23,-24,-5,-16,-32,-51,-32,-27,3,-18,-28,-22,1,-12,1
-19,64,-20,-18,-20,-26,-26,-20,6,-26,25,80,21,4,5,-17,-17,1,-1,1,-17,39,-19,-17,-40,-31,-32,-28,-25,-30,1
27,34,28,23,57,28,60,60,52,5,25,10,19,22,12,9,17,-3,1,0,31,32,28,27,44,20,41,34,30,1,0
-12,73,-14,-13,-32,-37,-27,-28,-30,-28,-19,9,-22,-16,18,-23,-19,-12,-7,-24,-16,52,-18,-16,-13,-30,-28,-23,-25,-33,1
38,-4,38,36,45,27,35,48,34,1,53,21,34,46,-33,7,-4,-12,21,15,29,-8,27,26,-6,-5,-2,9,5,-7,0
-21,-20,-17,-20,31,40,30,22,102,48,-10,12,-9,-11,-17,19,14,34,127,9,-16,3,-14,-16,9,30,25,34,127,32,0
-20,-60,-20,-19,-18,-31,-25,-25,-23,-33,-18,-9,-19,-16,-9,-23,-18,-29,-36,-22,-16,-28,-18,-16,7,-19,-18,-22,-22,-20,1
3,55,1,0,-63,-31,-21,-26,-11,-37,-20,-17,-18,-14,-18,-15,-12,-27,-24,-22,-5,32,-6,-8,-43,-22,-19,-28,-28,-33,1
47,-24,46,47,-22,9,12,40,-7,-49,73,-33,68,62,24,9,11,82,39,-5,39,-40,38,36,-28,-11,-7,30,-23,-37,0
84,20,80,96,-28,7,17,41,0,-32,32,-20,29,45,-22,0,-4,23,-4,-1,79,13,74,88,-14,20,17,57,33,13,0
18,3,17,16,-10,-12,3,15,0,-39,42,-11,36,31,39,-6,2,33,-19,-21,24,-6,21,20,25,-10,1,18,-13,-35,0
25,1,22,21,-52,-19,-15,-17,5,-45,10,48,11,6,-38,2,-2,-3,-20,-26,13,12,13,9,-63,-17,-13,-14,-19,-42,1
0,-24,-2,-4,-27,-27,-21,-16,-10,-17,-1,-9,-3,-5,9,-22,-16,-13,-3,-11,-4,-21,-5,-7,-18,-26,-24,-19,-9,-20,1
-21,6,-21,-21,31,6,-8,-9,22,8,13,27,18,-1,24,-3,9,-1,48,14,-19,3,-17,-19,5,-13,-12,-17,13,-7,1
-7,-25,-7,-12,28,30,11,18,16,28,-14,-11,-21,-20,-3,18,7,11,2,9,-4,-13,-10,-15,30,44,30,27,30,30,1
-23,-4,-24,-22,-2,-30,-23,-21,14,-16,-9,-14,-11,-12,13,-29,-19,-15,41,-16,-22,-16,-24,-21,-11,-33,-27,-24,19,-23,1
-26,-27,-24,-24,-30,5,5,-17,1,43,-8,-8,-4,-13,34,71,61,45,-31,96,-28,-34,-26,-24,-31,5,4,-15,-37,35,1
13,1,13,9,32,11,23,27,15,-21,9,-24,4,7,-9,-19,-4,-4,-25,-15,20,1,17,16,31,-3,15,18,-4,-7,0
36,9,36,33,10,15,11,24,36,-9,43,4,41,39,10,2,5,24,30,2,35,2,35,32,-2,-5,-3,17,17,-13,0
-25,-5,-25,-24,21,-11,-18,-19,14,-3,-19,-11,-22,-16,16,-16,-11,-3,13,-29,-25,-14,-26,-23,23,-19,-17,-14,7,-28,1
-21,-14,-22,-20,11,-29,-26,-27,-10,-22,-26,40,-30,-19,8,-29,-17,-27,38,-21,-24,4,-26,-22,5,-31,-28,-34,14,-31,1
-31,43,-31,-28,1,-19,-26,-27,11,2,-18,16,-22,-17,1,-26,-21,-27,3,-13,-26,48,-28,-24,25,-23,-24,-25,24,-4,1
-8,-28,-8,-10,-5,-11,2,-11,2,-3,-16,-24,-17,-13,16,-9,-2,-11,25,-4,-10,-26,-9,-11,22,-6,3,-8,46,4,1
-24,-61,-24,-23,-5,-22,-21,-18,-16,-7,-31,-42,-28,-22,-11,-18,-17,-26,-27,-18,-23,-49,-22,-21,32,-3,-10,-12,5,2,1
49,0,46,48,18,9,19,31,-3,-28,24,-33,16,25,-25,-13,-5,5,-26,-14,63,-6,54,63,25,12,22,41,23,9,0
-41,-24,-42,-34,-27,-38,-29,-26,-29,6,-22,-22,-26,-21,47,-26,-20,-10,11,-3,-38,-33,-39,-31,26,-32,-30,-20,-8,-4,1
5,16,8,0,23,51,21,33,52,29,-18,-13,-12,-14,-27,9,-6,9,-23,-1,9,38,15,1,28,81,40,74,66,74,0
20,19,21,16,49,15,36,26,8,11,21,14,2,14,36,21,25,1,70,27,10,-3,7,6,14,-9,8,-5,-9,-8,0
-46,-14,-43,-37,25,23,89,-4,36,78,-9,-1,-15,-17,26,105,127,109,76,65,-39,-16,-40,-31,22,36,127,29,64,57,1
-22,-15,-22,-21,4,-26,-20,-13,-33,-8,-19,-25,-18,-17,-2,-29,-12,1,-7,-24,-21,-22,-21,-20,0,-30,-18,-2,-17,-22,1
3,3,6,0,-20,39,19,15,-10,40,59,31,25,29,7,127,65,81,72,127,-3,-18,-5,-6,-46,-2,-8,-6,-31,7,1
-30,-31,-31,-27,-43,-32,-26,-34,-47,-26,-18,1,-17,-17,-6,-13,-12,-31,-15,-16,-28,-25,-28,-25,-35,-26,-26,-38,-30,-28,1
47,52,48,47,-5,42,30,23,6,-1,19,-34,12,22,-21,13,2,-10,-19,1,53,26,52,54,26,80,48,31,37,48,0
-5,-39,-4,-8,22,10,-4,-3,19,1,-17,-40,-13,-14,-13,-4,-7,-17,-9,-10,-8,-44,-5,-11,7,3,-3,-11,7,-4,1
57,56,55,59,10,3,25,38,1,-31,0,-10,-4,10,-21,-17,-11,-18,-29,-22,54,68,53,56,28,8,15,26,12,-7,0
75,3,81,80,88,105,127,112,87,34,99,19,119,101,-6,106,70,66,37,14,81,12,96,85,53,88,100,84,56,24,0
-11,-22,-12,-13,-4,-25,-20,-27,24,-23,-20,0,-21,-16,-16,-7,-6,-27,19,-19,-15,-11,-17,-16,-10,-15,-11,-27,34,-23,1
-31,-30,-32,-28,-19,-37,-35,-40,15,-13,-8,40,-11,-13,17,-27,-32,-59,43,-32,-31,-33,-32,-27,-35,-37,-41,-54,-10,-38,1
-16,77,-19,-17,-46,-42,-35,-40,-12,-14,6,127,1,-3,3,-30,-32,-59,38,-8,-18,63,-21,-18,-54,-40,-41,-54,-25,-28,1
-23,-24,-21,-22,31,8,-7,-3,10,2,-19,-27,-19,-18,-12,-10,-6,7,-8,-21,-24,-31,-24,-23,13,-8,-7,-2,-6,-17,1
-37,-13,-36,-31,11,-18,-25,-25,10,2,-17,45,-17,-17,8,-19,-15,-18,1,-12,-34,6,-33,-28,11,-23,-25,-23,-1,-13,1
58,18,56,60,-11,6,4,25,-21,-32,22,-17,23,26,-9,-11,-9,15,-23,-22,54,3,52,52,0,-4,-1,30,-15,-29,0
-33,6,-30,-29,39,16,-10,-15,14,67,-8,36,-13,-15,50,21,13,19,8,34,-34,-15,-33,-29,-3,-10,-22,-25,-26,11,1
23,63,22,19,-28,-1,1,4,-25,-28,7,-8,10,7,-12,20,14,20,-27,1,19,43,19,14,-26,11,9,13,-34,-10,0
-12,-40,-13,-15,2,-12,-30,-24,-19,-8,-27,-29,-24,-20,-11,-24,-25,-19,-25,-27,-18,-42,-17,-18,-4,-21,-33,-24,-27,-25,1
-29,-5,-28,-26,11,-18,-16,-16,-37,15,-2,30,3,-10,25,-7,-12,-1,0,-13,-25,-1,-23,-23,6,-18,-20,-17,-32,-12,1
6,17,5,1,42,20,16,27,26,21,3,-4,-1,1,-35,5,-7,5,-9,3,11,25,9,6,6,34,12,33,39,43,0
-26,4,-26,-24,23,-22,-33,-34,16,-11,-12,42,-14,-15,60,-25,-28,-34,78,-21,-28,0,-29,-25,14,-31,-39,-45,19,-32,1
-42,-49,-41,-35,15,-23,-24,-23,2,28,-15,-13,-15,-18,26,-19,-12,13,-2,-10,-40,-51,-40,-32,0,-28,-28,-25,-23,-11,1
-12,-20,-14,-14,6,-31,-21,-16,-25,-28,-20,-19,-22,-16,9,-35,-16,-15,6,-22,-18,-30,-20,-18,-4,-37,-25,-26,-26,-34,1
-26,-46,-24,-24,66,5,-4,6,25,28,-17,-13,-17,-18,-5,-14,-11,0,1,-1,-22,-26,-21,-23,41,-3,-8,8,21,14,1
-8,43,-10,-10,-19,-31,-24,-23,-21,-31,-23,8,-25,-17,-14,-30,-17,-26,-26,-22,-12,43,-15,-14,-5,-30,-20,-26,-23,-28,1
47,40,54,44,3,87,47,53,69,67,68,127,127,60,-41,99,55,127,87,102,32,21,43,26,-41,26,13,30,13,31,0
-20,-13,-21,-20,-30,-29,-25,-21,8,-25,-23,1,-26,-20,5,-18,-18,-16,-10,-23,-21,0,-22,-20,6,-16,-21,-11,9,-24,1
-8,18,-8,-11,3,1,-3,4,-6,-4,-25,-34,-24,-19,-39,-20,-18,-24,-35,-24,0,21,-1,-8,25,27,14,22,38,21,0
-11,-26,-12,-13,-13,-13,-12,-15,-11,-16,-30,-41,-27,-21,-23,-13,1,-17,-17,-17,-14,-32,-13,-15,0,1,10,-8,5,-10,1
8,3,5,4,-28,-30,-27,-24,-33,-45,-26,-8,-25,-17,-36,-30,-24,-26,-6,-26,-1,1,-4,-5,-39,-31,-29,-27,-13,-40,1
-50,-45,-49,-40,18,-17,-25,-28,-14,38,-33,-30,-29,-25,8,-14,-14,-22,-18,1,-45,-37,-42,-34,45,-6,-15,-14,3,36,1
-24,8,-19,-24,112,110,60,47,92,127,12,-3,10,-9,21,85,24,35,127,61,-9,4,-8,-17,110,120,60,68,127,127,0
-21,-12,-21,-21,27,-4,-14,-3,-24,18,5,39,5,-7,-5,-13,-15,8,-9,-17,-18,12,-18,-18,4,-14,-21,-6,-21,-11,1
-12,-3,-13,-14,2,-15,-25,-25,-5,-4,-22,4,-21,-17,-15,-16,-17,-8,-6,-19,-16,1,-18,-17,-4,-14,-22,-15,-8,-20,1
-11,-43,-12,-13,42,-9,-20,-12,-30,9,-22,-10,-20,-18,-12,-9,-13,-8,-32,-8,-14,-23,-13,-16,32,-7,-14,1,-26,2,1
43,15,41,41,-12,22,7,11,17,-9,30,18,25,38,5,23,6,33,3,7,56,44,52,57,25,45,27,43,38,25,0
-40,-28,-37,-32,27,34,127,25,86,127,52,82,20,8,40,122,127,127,53,127,-35,-32,-34,-28,-4,4,79,20,10,71,1
1,9,1,-3,-16,4,-15,-15,-34,-12,-6,-11,-1,-6,-31,13,-4,9,-17,-12,2,8,5,-3,-24,17,-4,9,-19,-9,1
6,6,4,3,6,-19,-6,4,-25,-16,9,1,6,5,-14,-24,-12,-3,-24,-19,19,26,16,15,20,-14,2,22,6,-3,0
45,38,40,39,-14,10,23,29,17,-29,18,-31,4,14,-33,-12,4,2,-4,-5,56,24,44,43,-11,13,43,39,51,15,0
-16,-50,-17,-17,16,-20,-19,-9,18,-14,-20,-31,-19,-17,10,-24,-15,4,-6,-18,-18,-51,-19,-19,9,-26,-22,-10,-4,-28,1
-28,-15,-26,-26,-16,5,2,-10,-36,16,-17,9,0,-16,15,36,31,30,-20,13,-26,6,-16,-23,10,30,29,20,-18,19,1
-7,-40,-8,-10,-30,-11,-15,-16,-21,-30,-26,-38,-20,-19,-29,-8,-4,-16,-22,-14,-13,-42,-10,-14,-22,2,1,-11,-9,-19,1
-26,105,-28,-24,-44,-41,-33,-35,5,-20,-21,24,-22,-18,-28,-32,-29,-42,-6,-14,-26,82,-27,-23,-46,-37,-37,-40,0,-19,1
-36,-32,-36,-31,42,-14,-31,-29,109,30,14,13,8,-4,5,-25,-24,-17,76,24,-35,-42,-35,-29,-7,-31,-37,-42,32,-7,1
-14,-18,-16,-16,-26,-40,-33,-35,-68,-27,-28,-28,-29,-21,-22,-39,-29,-42,-25,-28,-19,-30,-21,-19,-31,-41,-38,-41,-49,-38,1
15,7,13,11,0,-9,-9,3,-21,-32,-4,-4,-7,1,-25,-5,-13,-10,-19,-16,26,36,22,23,13,19,2,19,26,4,0
-16,18,-16,-17,-20,-5,-11,-9,15,6,-12,16,-10,-14,0,-1,-5,6,-4,7,-16,24,-15,-17,-3,-2,-5,3,3,15,1
47,-5,45,47,22,14,17,35,13,-14,40,-1,33,49,-6,-4,-3,19,-8,-14,66,12,61,73,42,19,16,45,31,-2,0
-6,-17,-8,-9,-40,-28,-27,-28,-18,-26,-29,-34,-29,-20,-28,-23,-18,-31,-28,-20,-10,-20,-12,-12,-16,-17,-21,-21,-8,-14,1
-2,0,-4,-4,-39,-31,-23,-23,-26,-30,-8,-16,-13,-8,-35,-26,-17,-27,-37,-18,1,4,-2,-2,-37,-23,-16,-16,-27,-14,1
-11,15,-12,-13,-49,-12,-11,-25,-26,-7,12,33,-4,2,-11,33,19,9,21,44,-12,7,-15,-13,-54,-12,-14,-28,-21,-4,1
14,1,11,10,-42,-29,-19,-16,-30,-37,-21,-12,-21,-13,-44,-29,-19,-33,-39,-28,11,30,9,7,-34,-15,-8,-14,-11,-27,0
-15,34,-10,-16,54,83,55,31,26,87,-12,22,-13,-12,1,81,44,13,-10,71,-7,76,-9,-9,75,127,121,51,71,127,0
20,-4,23,14,25,47,42,35,9,18,-14,-17,-6,-9,-26,16,6,2,-25,3,16,-3,19,9,6,42,33,28,-7,38,0
-18,25,-17,-19,-64,2,-4,-15,-69,17,-34,12,-17,-23,-21,35,10,25,14,40,-24,15,-19,-22,-63,13,2,-2,-35,16,1
84,53,89,96,43,64,104,95,46,-2,19,19,30,34,23,44,56,66,3,16,59,35,67,64,30,32,75,76,14,6,0
-54,-18,-53,-41,-24,-27,-29,-35,-4,10,-30,-14,-28,-24,20,-16,-16,-29,18,-14,-48,-19,-47,-36,-4,-24,-31,-42,9,-17,1
-24,-14,-24,-23,32,-5,-27,-25,-18,13,-14,39,-15,-14,-4,-14,-20,-11,7,-3,-23,5,-23,-21,13,-15,-29,-24,-16,-5,1
-32,-7,-33,-29,-35,-36,-27,-31,66,-23,-26,75,-25,-20,38,-21,-12,-3,-13,8,-35,-12,-36,-29,-49,-38,-35,-44,-10,-29,1
-5,-3,-5,-8,24,7,-1,5,0,-9,-23,7,-22,-15,-17,-10,1,10,-28,-15,-9,8,-9,-11,15,0,10,15,-12,-12,1
-10,0,-9,-13,-1,5,-7,-16,-5,12,-16,-36,-6,-14,-14,12,11,-9,24,9,-12,-19,-7,-14,-5,14,10,-7,34,13,1
49,30,50,47,16,32,46,34,20,-12,15,33,20,16,37,12,6,20,4,2,36,24,36,31,20,8,10,20,0,-14,0
27,12,27,25,38,1,24,43,-9,-9,51,51,53,37,-6,-13,12,29,-9,-1,32,38,35,28,18,-10,17,33,-14,-14,0
-17,-10,-18,-18,-23,-22,-20,-21,19,-2,-22,-13,-22,-18,-16,-17,-12,-19,-10,-15,-17,-2,-19,-18,-15,-15,-12,-15,10,-5,1
-24,-28,-25,-23,1,-21,-21,-16,-8,-18,-27,-12,-28,-21,-20,-18,-18,-15,-21,-25,-26,-19,-26,-24,-19,-18,-20,-14,-12,-28,1
15,-39,14,10,-3,-5,-7,9,2,-25,-11,-22,-14,-9,-19,-18,-15,5,-15,-17,9,-33,7,3,-14,-12,-16,11,-9,-23,1
70,-15,65,83,-5,-11,11,30,-10,-54,98,-9,81,127,-16,-25,-11,2,-29,-23,97,4,89,127,6,-18,1,32,-20,-33,0
-20,-3,-21,-21,-18,-21,-25,-29,-31,-10,-21,-20,-23,-17,-16,-14,-12,-25,-17,-10,-19,-4,-21,-19,-6,-13,-19,-21,-18,-7,1
59,14,61,62,30,37,51,53,5,-2,23,0,23,28,-4,4,8,16,-35,-1,51,26,54,51,20,20,35,46,-21,10,0
49,-3,48,48,31,25,54,59,2,-7,20,11,13,22,-19,5,10,1,-13,-7,52,24,45,50,27,23,46,44,17,10,0
11,22,10,6,-13,1,-14,-13,-9,2,-24,-40,-24,-15,-39,-20,-14,-29,-33,-14,11,12,7,6,-3,15,12,4,13,23,0
50,-3,50,53,46,37,52,48,-1,12,87,-3,72,73,-11,11,23,29,-7,11,65,3,62,68,24,31,49,40,3,26,0
13,34,16,8,53,51,45,31,1,36,-8,42,2,-5,26,41,27,44,1,25,6,54,10,2,58,47,46,49,5,39,0
27,-2,29,23,43,33,40,51,38,2,-13,-30,-11,-6,-16,-10,-2,11,-33,-17,23,-4,26,18,54,27,33,67,10,11,0
-39,-17,-39,-33,18,-12,-18,-25,-25,35,0,12,-1,-13,70,6,-5,-7,43,9,-34,-22,-34,-29,20,-16,-22,-29,-19,1,1
