-5,-30,27,32,16,-16,51,-27,34,17,166
43,-30,-36,71,21,13,-12,15,38,25,189
6,-30,36,-5,38,30,-2,15,36,70,173
11,34,8,0,0,-14,-22,22,49,25,220
-62,-30,-9,-25,8,17,-24,22,14,-9,206
-27,-30,-9,-25,-25,-13,-19,-2,-13,-14,97
-52,34,-8,9,-25,-14,-9,-2,-23,5,60
-50,-30,-4,-28,-44,-52,36,-51,-35,-25,61
8,-30,9,-23,27,21,-2,-2,29,-48,242
-5,-30,15,5,-23,-26,16,-27,-12,-11,121
-25,-30,-27,-42,13,29,-9,-2,-22,-50,128
28,34,-23,-16,-33,-27,21,-27,-85,8,104
6,34,11,25,11,7,13,-2,10,-14,265
28,34,-12,11,-25,-9,-17,-8,-32,8,132
46,34,-6,41,-29,-64,36,-51,38,33,283
-5,-30,4,-35,17,31,-29,47,9,0,174
16,34,-27,-32,-61,-50,-22,-27,-22,-11,129
23,34,-8,39,-24,-5,-52,47,6,-17,257
-75,-30,-54,-18,-60,-64,18,-51,-30,-6,137
43,34,-3,44,60,72,16,11,-25,0,63
11,-30,-32,-39,-23,-36,51,-51,-30,25,93
13,34,29,19,-42,-37,-49,17,29,25,232
21,34,21,32,-27,-29,-47,22,41,0,208
51,-30,56,41,10,9,11,-2,3,56,261
-40,34,-9,16,15,27,-27,22,13,36,179
16,-30,73,41,9,-22,-17,13,65,14,258
1,34,-6,-14,-7,3,-27,22,9,64,262
-5,34,-1,-58,-8,-11,34,-27,-29,-62,51
51,-30,76,18,16,17,13,-2,-2,-6,237
-60,34,-29,-23,-55,-46,-4,-27,-40,-31,71
3,34,10,21,85,84,-14,47,41,8,139
1,34,39,-2,41,42,-39,71,45,84,268
-52,-30,-33,-30,-20,-15,11,-27,-28,-17,69
-20,-30,31,-32,22,38,-54,86,29,87,317
21,-30,2,7,52,52,-29,71,43,11,249
6,-30,-23,14,5,6,3,-2,5,5,154
-2,-30,35,-45,48,38,-29,56,55,31,192
6,34,-5,-44,46,56,-27,47,25,11,116
26,34,-8,1,0,25,-37,33,-18,70,81
18,34,15,9,17,32,-27,22,4,14,122
-30,-30,86,41,-22,-22,8,-27,-12,-36,259
6,-30,8,9,36,31,49,-27,-23,-42,191
-25,34,-2,46,26,44,-44,71,17,47,292
16,34,-23,-5,-11,12,-22,-2,-51,-25,55
-27,34,2,23,-8,4,-32,22,10,-3,107
-27,-30,5,-32,-40,-35,-7,-27,-12,-31,210
38,34,-23,5,12,14,23,-27,-21,-42,91
28,34,-28,34,51,77,-27,47,-16,-11,253
8,34,0,37,18,11,29,-27,1,47,85
-17,34,-19,28,-36,-32,-14,-27,0,11,252
-30,-30,-47,-32,-25,-29,34,-27,-39,-11,59
16,34,-28,-5,-33,-22,8,-27,-69,-48,78
11,-30,-34,-2,-13,-29,23,-27,17,17,200
28,-30,-23,-42,53,34,39,-7,29,-42,78
11,34,0,-5,-4,7,-34,22,14,-28,245
-17,-30,29,60,-12,-24,49,-27,-24,-9,175
-15,-30,-39,-37,-44,-38,8,-27,-51,-6,42
46,-30,-28,-18,-22,-18,6,-27,-19,0,127
-20,34,-12,-21,2,0,29,-27,-17,5,53
-5,34,-9,7,-15,-10,-14,-2,6,45,94
-50,34,-62,-51,-29,-17,-22,-2,-10,-39,104
56,34,-19,-25,-47,-31,-27,-2,-29,-6,199
8,-30,14,34,5,-19,26,-27,35,-20,265
16,-30,40,34,-23,-32,-19,-2,35,-6,281
48,34,-7,32,40,-3,-37,71,85,36,248
-20,-30,53,65,-2,12,-12,2,-21,22,257
-10,-30,40,34,32,19,-12,22,46,3,215
46,-30,37,48,-10,-26,-22,-2,49,22,303
43,34,-19,7,43,32,21,-2,24,11,170
13,-30,2,-18,15,7,46,-27,-17,-34,59
76,34,3,18,-19,-5,-32,22,0,50,277
-7,34,-20,5,32,25,-19,22,43,-31,209
-32,34,-34,-12,-27,-16,1,-27,-43,-28,138
36,-30,-4,-22,-32,-39,-9,-18,23,14,198
-7,34,-28,-28,-6,11,-44,47,11,-48,124
-10,-30,-46,-48,0,11,-2,-5,-22,-36,96
16,-30,46,16,-23,-10,-22,-2,-14,-9,288
33,-30,17,-18,15,12,-42,53,47,19,225
11,-30,15,-16,-17,-17,-22,-2,24,19,265
-67,-30,-58,5,-69,-60,-9,-51,-43,-25,101
-37,-30,47,-51,-11,-1,3,-15,-32,0,55
41,34,26,7,27,47,-24,22,-8,-22,198
8,34,-17,-21,7,19,-14,22,-5,-3,51
-2,34,47,64,58,50,-14,47,46,14,252
-25,-30,-42,0,-36,-52,46,-51,-15,8,64
48,-30,45,25,14,1,-24,25,51,70,220
56,34,3,-4,73,78,-22,60,35,3,131
26,34,10,14,26,30,-29,47,32,8,212
-37,-30,35,-18,-37,-23,-9,-27,-51,-42,142
33,-30,-30,69,23,-17,121,-51,-10,8,103
21,-30,26,51,11,25,-19,22,-2,78,155
-2,-30,45,-5,79,86,-17,57,30,-3,121
-47,-30,-42,21,-34,-33,-7,-27,0,14,86
-32,-30,-34,-14,-1,-11,46,-27,-18,11,111
-2,34,-18,34,18,20,21,-2,-15,22,65
11,34,48,51,-6,4,-4,-2,-17,39,131
-57,-30,-57,-28,1,-12,49,-27,-8,-64,51
-40,-30,62,-14,10,16,-19,16,16,25,128
58,34,29,-5,-31,-23,-22,-2,1,-20,141
-15,-30,2,64,3,-14,44,-27,7,5,48
-37,-30,-39,-25,59,-2,6,22,87,0,109
11,-30,-33,-5,-51,-41,-9,-27,-35,11,178
26,34,-22,-51,-9,-8,3,-2,1,-22,88
3,34,22,-2,101,127,-42,122,9,47,84
-12,-30,-11,87,-7,-3,13,-27,-25,-22,216
38,34,5,32,-3,-8,-29,22,39,19,150
-22,-30,2,-7,12,4,51,-27,-29,-31,60
3,-30,-34,-9,0,-4,44,-27,-35,-42,96
13,-30,-25,36,44,49,-4,21,15,45,190
-25,34,-19,-12,0,-2,6,-11,9,25,74
-20,-30,59,-18,14,28,-22,22,1,50,279
8,-30,3,-38,-51,-44,-14,-26,-13,-64,182
26,34,-22,-28,-22,-16,-7,-2,-10,0,160
31,34,40,20,19,-31,-37,47,88,89,245
-7,-30,6,-39,-17,-29,21,-27,10,-6,276
21,34,30,-12,13,34,-39,47,3,3,174
33,34,53,14,29,43,-37,47,20,31,180
56,-30,21,5,34,38,-12,22,22,45,150
56,34,-1,23,84,60,13,22,55,-22,196
31,34,2,37,43,59,-27,47,9,-9,138
28,34,-12,-12,-4,6,-9,-2,-9,0,97
31,-30,25,30,4,-16,6,-9,42,36,246
13,34,70,46,-24,-18,-17,-2,1,25,321
-12,34,85,64,10,12,-14,22,22,0,308
-5,-30,42,23,-1,10,-9,0,-13,19,109
23,34,-22,2,62,58,23,-2,15,-28,69
28,-30,-7,18,-29,-32,36,-51,-49,14,182
-30,-30,31,39,85,85,-17,71,41,25,258
-5,34,-7,-2,-22,-42,-24,-2,53,3,161
-22,34,39,0,8,21,-29,22,9,3,178
-45,-30,-24,-23,0,16,-17,-2,-16,-42,214
-37,34,-44,7,-6,-24,84,-51,-59,0,45
-70,-30,-17,-44,-39,-40,8,-27,-13,-36,150
-37,-30,-10,-42,-1,5,8,-2,-19,-36,160
-50,34,-53,-28,-34,-10,-27,-2,-65,-25,55
36,34,-8,32,33,-13,-9,22,78,-14,197
-62,-30,-30,-14,-44,-49,6,-27,0,-22,185
6,-30,10,2,6,7,-19,22,25,78,268
33,34,59,58,23,14,-17,22,43,87,310
-12,34,0,9,14,-7,-17,22,56,53,123
-52,34,36,-28,35,35,-29,47,40,-25,68
-42,34,-34,-16,-48,-38,-4,-27,-43,-39,72
31,34,-26,41,-3,-1,-7,-2,9,36,185
-52,-30,-17,-5,-14,-9,11,-27,-27,-22,144
-17,-30,26,-9,-7,-1,-2,-2,-9,-28,147
-52,-30,-9,-5,-44,-38,-2,-27,-30,-3,168
38,34,13,37,-5,12,-22,-2,-17,14,178
-60,-30,13,-18,3,13,-2,-2,-17,0,246
-17,-30,-12,-9,13,27,-29,22,8,-9,151
26,34,4,28,-29,-14,-27,-2,-13,3,127
26,34,-11,-12,-24,-15,-9,-2,-18,-3,83
41,34,51,16,0,11,-37,22,19,28,332
-55,-30,-29,-55,-67,-75,16,-51,-15,-36,152
61,-30,3,16,20,6,44,-27,5,19,109
46,-30,23,-35,-16,-23,34,-27,-18,-28,90
11,-30,-18,23,-5,-2,-9,-2,9,8,66
31,-30,-15,14,18,-9,69,-27,11,-11,214
-65,-30,-57,-39,-41,-45,34,-51,-46,-17,85
33,34,1,46,-6,9,-37,22,8,22,129
53,34,-18,-29,4,35,-47,53,-26,36,89
8,34,-1,-9,26,38,-27,37,15,19,259
-22,34,-1,-5,43,33,-32,71,55,0,229
-35,-30,2,7,-25,-12,-12,-2,-28,-17,200
-20,-30,-47,-76,-33,-27,1,-27,-25,-9,77
-5,34,-24,-12,5,11,11,-2,-20,-53,54
1,-30,-7,-44,-26,-16,3,-27,-44,-39,31
23,34,-3,-9,25,9,54,-27,2,-67,109
23,-30,-28,-9,6,3,-4,-2,20,64,206
18,-30,32,-38,-2,27,-39,34,-36,-6,144
-30,34,-22,-2,14,24,8,-2,-29,42,118
-30,34,-38,-28,-56,-48,-2,-27,-49,-22,83
16,34,40,41,16,-24,-62,102,88,53,242
31,34,45,5,-11,3,-52,47,20,-14,259
-40,-30,-56,-58,-25,-25,23,-27,-39,-95,72
-32,34,-18,39,3,10,-37,47,27,8,163
-12,-30,-37,-23,-30,-24,13,-27,-47,-22,181
31,-30,47,0,-7,-1,11,-27,-29,-50,141
-72,34,-17,-16,-58,-45,-12,-27,-53,-50,71
-57,34,27,-14,26,38,-47,71,30,-28,137
-5,-30,28,58,9,5,-9,-2,27,-14,195
11,-30,-21,-7,-3,-7,31,-27,-22,-31,179
33,34,-23,-34,32,-3,91,-36,13,11,102
36,-30,-16,-51,-27,-25,-4,-27,-2,-39,131
16,34,-15,-25,-10,-10,41,-27,-65,-14,47
28,34,7,25,36,29,3,-2,29,-3,235
8,34,-50,-32,-34,-64,81,-51,-15,-28,77
8,-30,21,21,20,18,-2,5,20,17,198
-32,-30,-28,-18,-11,1,-22,-2,0,-28,93
-50,-30,-41,-55,-31,-19,-29,-2,0,-6,162
41,34,10,18,-28,-19,-19,-2,-3,-17,225
33,34,49,44,-7,-2,-29,22,21,11,275
-7,-30,-40,-35,14,30,-19,22,-8,-14,183
-15,-30,56,-25,61,59,-42,96,53,33,306
28,-30,-7,-18,16,11,49,-27,-33,-22,81
-70,-30,-47,-74,-50,-48,11,-27,-34,-9,55
16,-30,-26,-1,0,23,-29,22,-23,39,146
1,34,16,-7,16,25,-14,22,5,0,196
48,-30,-5,-5,58,68,8,22,-7,17,230
21,34,37,51,32,-8,-24,47,79,59,310
-2,-30,-28,14,-73,-77,16,-51,-32,14,40
3,-30,-26,14,2,10,6,-2,-22,-34,135
-35,-30,108,-32,-20,-13,-32,22,18,5,346
-60,34,-23,-16,-43,-36,13,-27,-65,-25,43
11,-30,10,-16,40,29,21,-2,24,-3,128
-72,34,-33,-18,-17,-16,21,-27,-28,-39,77
13,34,5,11,10,30,-42,47,5,-45,235
1,-30,-50,-16,-1,-1,18,-27,-16,3,49
-15,-30,-33,-67,-51,-40,-12,-27,-35,-34,74
1,34,-5,-9,-11,-9,6,-27,-5,-48,92
6,-30,-17,-22,-33,-46,54,-48,-43,-28,84
18,34,62,64,-23,-21,-29,-2,23,70,263
-30,34,2,-37,-30,-18,-54,47,23,11,144
-55,-30,-51,-39,-56,-49,-17,-27,-13,-59,142
23,34,83,18,-36,-9,-69,71,-1,17,341
41,-30,-2,-58,50,53,3,22,14,17,115
38,-30,-41,-6,34,33,39,-15,-20,28,158
23,-30,11,37,8,-36,-47,47,86,3,273
-17,-30,39,-28,-29,-29,8,-27,-12,25,85
3,34,-21,-7,-22,-19,6,-27,-13,3,88
-27,34,47,-39,102,103,1,47,32,45,220
28,-30,-7,-39,5,-21,104,-51,-55,-14,39
48,34,-13,14,29,37,26,-2,-48,-14,80
-37,-30,19,-51,-16,-8,-2,-2,-22,-3,172
31,34,-4,71,23,15,18,-2,18,11,217
23,34,74,51,-22,-23,-14,-2,18,47,336
-20,34,-7,-28,-8,-9,41,-27,-56,-20,52
-5,-30,37,-25,-33,-29,-49,25,33,36,272
-37,-30,-44,-18,-4,-3,21,-27,-22,-50,115
28,34,40,-28,-10,4,-19,-2,-11,5,110
31,34,-7,-23,-5,1,-27,22,19,17,131
46,34,-19,-28,-43,-40,-2,-27,-14,5,71
11,-30,48,-28,-3,-9,-9,-1,27,28,275
31,-30,-19,-9,11,0,56,-27,-22,-53,118
-12,-30,-9,0,-25,-24,8,-27,-15,-25,25
3,34,-7,14,36,49,-17,22,7,61,100
33,34,82,55,-70,-67,-47,-2,23,-22,281
-42,34,32,11,-11,-20,-12,-2,32,-42,221
8,34,23,32,35,49,-47,96,29,31,248
26,34,-18,2,-18,-18,11,-27,-12,-20,200
33,-30,40,-16,-16,-48,-29,-2,68,22,132
13,34,-10,46,-8,5,-27,22,2,0,91
18,-30,3,23,53,47,11,22,26,5,67
6,-30,29,18,8,-9,18,-27,30,22,202
46,-30,1,23,32,21,49,-27,-2,11,73
-37,34,25,-28,-4,-9,8,-27,10,0,85
-15,-30,64,-5,-4,-16,-14,-2,40,25,275
-37,34,65,58,40,32,-39,71,55,25,243
48,34,-23,14,-25,-31,23,-27,-11,-3,66
-12,-30,35,46,-22,-19,6,-27,-19,-9,293
51,-30,22,62,38,13,16,-2,48,-17,236
-20,34,40,71,8,-12,-2,-2,46,89,243
6,-30,-23,-18,28,-7,109,-51,-9,-28,87
-25,34,-39,-12,-7,-5,26,-27,-36,17,39
-32,34,42,46,88,87,-27,71,49,56,217
13,-30,-17,-48,13,-7,81,-51,-30,47,92
51,-30,20,67,31,24,11,-2,21,28,296
6,-30,-10,18,-12,-3,-32,22,14,-6,292
-7,34,-1,-2,53,46,23,-2,17,53,142
8,-30,-26,28,-10,9,-18,3,-30,3,50
16,34,-23,-28,-22,-14,-9,-2,-8,11,53
-7,-30,-12,46,8,15,11,-2,-23,31,104
-2,-30,-37,-18,-6,-13,51,-27,-47,-64,75
21,34,-25,28,38,46,-22,38,22,56,120
-30,34,8,-5,-9,4,-49,47,22,-11,142
48,-30,7,28,47,35,36,-2,16,-6,143
-22,-30,30,9,-11,-31,1,-2,41,-20,99
11,-30,-45,-39,-39,-32,6,-27,-41,-48,65
-52,34,-54,-32,-32,-22,3,-27,-49,-14,116
-32,34,92,-12,27,21,-29,47,46,31,233
31,-30,34,-37,42,43,-7,22,24,11,164
18,-30,-7,-35,50,38,23,-2,28,8,95
-37,-30,-8,-5,26,30,18,-2,-13,-11,59
56,34,-4,-23,28,38,-7,22,-2,-3,139
23,34,18,-23,-31,-7,-34,-2,-41,-17,145
21,34,-7,2,10,18,6,-6,-21,36,177
3,34,-3,5,-3,-10,-2,-2,24,-11,185
6,-30,-15,-37,21,14,39,-27,-8,-3,97
-37,34,-29,-46,-22,-25,26,-27,-24,45,42
-32,-30,9,-51,-33,-11,-19,-2,-71,-53,201
51,34,-15,30,49,22,-24,47,70,22,241
-40,34,-42,-25,-59,-47,-9,-27,-53,-73,70
-27,-30,44,-42,-20,-15,-7,-2,-2,11,78
11,-30,-1,5,3,7,21,-27,-31,19,49
-52,-30,28,-23,8,0,44,-27,-19,-34,103
6,34,-3,14,-26,-16,-4,-27,-28,-11,44
1,34,6,-14,-11,-3,-32,22,15,14,111
13,-30,2,30,-12,-36,44,-27,18,39,191
11,34,-33,7,-22,-11,-7,-2,-30,-31,47
-35,-30,15,5,13,12,36,-27,-29,3,182
-35,34,-18,-1,-32,-19,-44,18,12,5,58
23,-30,-7,9,-30,-25,-2,-27,-15,3,155
11,34,5,-30,-65,-63,-27,-27,10,3,151
-2,-30,-47,0,-2,2,8,-2,-15,-20,79
-5,34,-12,-46,32,52,-19,22,-13,28,104
-47,-30,-39,-18,-51,-55,34,-51,-59,-73,143
-2,-30,-20,32,39,-11,-32,47,88,11,152
28,-30,-45,23,8,-39,124,-51,-2,-36,170
46,34,-30,7,1,4,29,-27,-41,-17,75
-75,-30,-9,-28,32,43,-9,22,4,-22,200
46,34,-12,38,-40,-23,-42,8,-5,31,124
3,-30,39,-38,16,35,-29,33,-4,-22,91
-60,34,-17,0,-25,-18,11,-27,-49,-14,49
41,34,34,34,21,13,-7,22,36,-3,163
-7,-30,-44,-51,-16,-9,3,-27,-25,-34,53
8,-30,16,41,83,61,44,-2,37,-17,283
-5,34,-30,-30,-54,-51,-22,-27,6,-9,178
16,34,-15,32,-43,-41,3,-27,-18,-11,219
-50,-30,62,8,13,28,1,0,-38,-3,200
-37,-30,-2,-18,7,5,34,-27,-25,11,113
-15,-30,11,60,2,6,26,-27,-40,3,113
-20,34,-39,16,-5,-16,36,-27,-5,-36,63
1,-30,-33,-23,-49,-54,31,-47,-42,-56,114
-35,34,-5,-32,-14,-14,-47,47,40,-28,126
-45,34,64,69,-2,-3,-4,-2,14,47,274
1,-30,-4,-5,-6,-16,36,-27,-7,-11,88
26,34,2,21,4,12,-17,22,9,39,311
-2,-30,-45,7,18,25,-9,22,7,-39,83
-20,34,-17,-12,9,8,18,-2,-8,-17,71
31,-30,-6,7,42,11,66,-27,27,-28,134
6,34,19,28,-2,24,-44,47,-17,8,244
21,-30,-24,-16,-32,-54,71,-51,-28,-39,65
43,-30,10,14,5,14,-24,22,12,5,173
-32,-30,-51,-55,55,18,119,-27,-4,0,57
-35,-30,-40,-30,-31,-29,1,-27,-9,8,68
3,-30,-4,32,49,47,31,-2,-2,-9,141
-2,-30,21,83,16,17,-7,-2,17,39,270
-67,-30,-53,-30,-31,-23,6,-27,-41,-59,134
3,34,19,55,-25,-31,11,-27,5,8,202
21,-30,-15,-5,-3,-20,54,-27,-8,-3,148
-10,-30,-17,-28,-11,3,-12,-2,-27,-28,64
-65,-30,18,-12,24,17,39,-27,-5,-3,302
