75,-20,-24,-54,-6,26,33,-19,21,3,19,12,31,0
-18,-18,-47,8,-32,-4,-2,-11,-7,-28,13,46,-8,1
12,-20,57,-40,21,16,23,-6,-13,-6,20,9,14,0
-26,-40,-50,-47,77,-20,-5,-3,63,-22,16,-13,0,1
8,1,36,-11,2,26,42,-17,66,9,11,27,46,0
48,5,14,3,-19,-31,-43,21,-20,64,-47,-41,-9,2
-36,-5,-24,12,-32,16,22,2,-14,-31,-13,32,-39,1
31,-18,5,-35,-24,16,26,-19,11,8,28,14,60,0
13,-18,-27,-26,-13,6,7,-25,-14,-14,10,8,57,0
37,80,-17,3,-43,-66,-55,10,-51,-1,-53,-59,-35,2
53,-12,42,3,43,26,38,-9,20,16,17,3,56,0
-54,-29,40,3,-13,23,31,-19,49,-32,1,31,-7,1
-36,-15,-6,-11,-41,-35,-17,43,2,-35,19,-15,-28,1
21,-20,-15,41,-28,-21,-5,-25,-32,-17,4,9,-29,1
-22,-21,-21,27,17,-14,3,-6,0,-40,16,17,-42,1
-46,-25,-45,10,-30,-15,-13,-17,-4,-42,0,34,-27,1
25,-20,-1,-6,13,29,40,-38,19,26,20,13,81,0
31,-25,40,27,2,37,42,-19,43,9,34,5,57,0
-27,-27,-47,-35,-32,14,17,-19,9,-29,40,7,-34,1
-78,-24,-20,17,-32,9,6,43,22,-42,108,13,-36,1
-62,-47,16,12,-26,10,1,16,-9,-26,21,-13,-33,1
-11,45,4,31,2,28,19,19,19,-33,34,25,-30,1
32,-13,38,-25,32,37,27,8,4,18,26,16,66,0
71,-18,3,-79,-19,42,57,19,66,5,43,6,42,0
3,-8,103,51,51,18,23,29,17,-19,26,28,9,0
-36,-35,17,41,-47,-14,-14,10,-11,-38,51,6,-12,1
-32,-21,-7,30,-21,-26,-10,19,-2,-35,54,-16,-27,1
46,-25,-6,-28,-11,-4,15,-27,-2,0,31,11,56,0
-13,-29,-42,-28,0,-13,-20,46,-54,10,4,-47,-31,1
-18,94,33,51,-9,-25,-47,73,-28,0,-18,-42,-24,2
3,102,-29,17,-30,17,22,-17,22,-33,-31,24,-39,1
3,-18,-39,-70,-17,22,43,-52,72,30,24,15,42,0
-8,2,-11,-2,-30,-46,-50,32,-53,66,-54,-45,-29,2
-12,-40,-15,-16,-2,-4,-2,-17,-8,-32,40,26,-31,1
-24,-33,23,-15,-4,7,22,2,26,-6,34,-14,-7,1
-39,-24,6,22,-30,-42,-25,38,1,-19,14,3,-31,1
55,-19,40,51,-4,26,-23,46,60,109,-54,-30,-9,2
-15,-29,-56,-11,-26,-42,-21,-19,-14,-35,13,8,-20,1
37,-19,-30,-35,2,42,47,-41,29,15,-6,34,25,0
-6,31,-8,-2,-26,-41,-45,10,-35,71,-33,-40,-7,2
-24,44,1,12,-26,1,-36,38,-31,36,-55,-48,-24,2
50,50,9,-8,24,29,22,-17,-19,3,-11,34,35,0
17,46,14,31,4,-25,-42,19,-11,31,-36,-48,0,2
29,27,21,3,15,-23,-48,38,-44,12,1,-36,-7,2
-44,58,3,12,-39,29,35,-41,72,-30,-28,49,-39,1
36,-29,-12,-35,-4,36,39,-38,13,30,9,45,31,0
-20,-24,-20,-7,127,11,9,-11,92,-33,30,2,20,1
13,-11,38,-28,4,37,41,-14,3,13,17,11,55,0
29,-15,-1,-24,9,7,23,16,20,-16,40,13,26,0
-2,43,34,-11,4,7,14,-30,21,-7,11,43,2,0
21,-15,29,3,-9,13,21,-22,3,-20,24,57,10,0
32,-24,40,-2,69,34,25,38,-14,5,43,19,51,0
3,-17,-32,-26,15,37,34,-22,23,0,-10,35,14,0
-39,32,-44,-7,-28,-14,-12,2,15,-51,-3,21,-19,1
27,-15,40,-24,26,29,31,-17,-8,31,47,13,59,0
17,-17,30,-34,-15,29,32,-6,-8,-3,-4,29,47,0
-24,-41,-121,-87,-26,-15,-48,-22,-65,-42,14,-36,-24,1
-29,70,21,12,-24,-46,-51,46,-44,-16,-28,-62,-3,2
-4,19,4,3,9,-50,-26,-33,-42,5,-30,-55,-23,2
11,8,60,12,39,26,23,8,12,-9,13,16,-1,0
0,33,-2,-11,13,-46,-43,10,-36,4,-38,-40,-8,2
11,49,-9,-21,6,18,21,-11,3,-9,-18,19,-7,0
18,44,-30,-9,-21,9,23,-25,-7,-10,-6,19,30,0
9,-16,-27,-81,0,19,26,-27,-18,-9,14,38,32,0
25,7,39,46,11,-37,-39,8,-4,50,-30,-37,0,2
-27,-21,-19,7,6,-60,-33,2,-8,-27,-6,-36,13,1
-36,-28,16,27,-34,14,10,19,-31,-29,-3,28,-38,1
-52,-13,-54,-35,-6,-34,-14,-6,-25,-16,40,-21,-34,1
15,-41,-1,-26,21,13,-23,51,-65,-25,10,-31,0,1
34,-17,6,-54,24,81,59,-11,15,28,9,31,47,0
-40,-37,-8,12,2,56,5,-63,2,-24,6,25,15,1
27,23,23,-43,34,21,35,-52,3,1,1,36,10,0
-21,21,33,70,-6,-20,-47,73,-25,34,-40,-41,14,2
6,-13,46,55,34,-4,-24,-27,-2,28,-48,-59,-34,2
22,25,42,36,-6,-37,-49,38,-58,-9,-8,-25,-24,2
-60,41,-66,-2,15,46,20,-33,108,-29,-28,10,-20,1
35,-22,30,3,32,34,47,10,6,22,26,-1,40,0
39,-18,-12,-22,17,30,52,-11,26,53,24,24,54,0
-10,-17,-11,27,-34,-46,-8,32,1,-23,-10,-8,-27,1
-30,-34,-74,-28,109,-22,-24,-60,49,-29,47,22,-3,1
-31,21,-6,-7,-9,-53,-50,10,-48,7,-41,-36,-25,2
3,-20,22,-16,-4,9,15,-19,-9,-10,24,-4,38,0
57,-14,10,-49,-9,11,18,-17,21,3,10,46,57,0
31,60,-13,27,-26,-51,-51,43,-25,22,-24,-40,-24,2
-24,-34,-54,-1,-47,-9,0,-25,-31,-4,24,41,-25,1
-46,-18,-59,-2,-30,11,-12,2,-10,-40,-1,-7,-35,1
-45,16,-17,-16,26,-29,-23,19,-36,-32,1,-4,-26,1
1,-20,28,98,84,52,30,-41,19,-23,51,42,25,1
-53,-8,11,18,-34,-17,-10,32,-14,-30,7,7,-7,1
12,57,-13,3,43,-35,-44,19,-14,70,-51,-48,9,2
-47,-6,50,84,-17,-8,8,59,9,-27,3,-7,-30,1
-11,36,-1,17,13,-30,-27,-52,-42,0,-24,-61,-16,2
-61,2,6,3,-9,31,27,-11,12,-24,-21,37,-13,1
4,46,-1,17,28,-44,-20,-6,-25,60,-54,-59,-21,2
31,-20,-14,-32,39,16,30,-41,1,11,-4,28,33,0
51,-18,7,-39,58,26,36,-22,38,9,13,62,33,0
-5,28,26,22,13,-32,-47,65,-35,8,-11,-23,-19,2
-22,62,44,65,4,-4,5,19,6,-40,-4,25,-40,1
-39,-42,-44,-7,-30,7,9,-17,-10,-34,61,25,-49,1
-36,-30,-8,37,-64,-4,-14,16,-12,-44,17,29,-13,1
-7,10,14,22,26,-41,-21,-33,-19,79,-67,-53,-28,2
-15,4,-20,-11,-13,-34,-45,73,-36,28,-31,-48,-6,2
-29,46,-20,-11,26,-46,-41,-19,-25,43,-43,-28,11,2
3,45,-6,27,-32,-32,-14,67,1,-3,-16,-27,-24,1
-27,25,-19,-16,-26,29,33,24,66,-37,67,11,-36,1
16,7,-2,3,-24,-45,-50,2,-53,8,-36,-6,3,2
17,67,59,51,26,-15,-35,-25,-27,47,-40,-32,-12,2
49,-17,10,-43,26,50,47,-6,20,24,14,12,74,0
42,-19,-19,-35,-9,19,11,-27,21,-4,13,47,30,0
56,-11,16,-28,28,80,50,-33,32,38,-13,40,77,0
10,28,-11,-11,-4,-25,-39,67,15,75,-55,-51,-8,2
-29,-18,-30,-7,-43,-32,1,2,1,-22,7,27,-25,1
14,27,1,17,-17,-18,-41,24,-19,46,-57,-46,-10,2
-5,18,29,41,2,2,-47,46,-44,-1,-8,-21,-17,2
-46,-6,45,17,73,-35,-34,-60,-2,-34,0,-16,-13,1
8,36,-26,12,4,-40,-48,19,-17,-14,-50,-43,9,2
-10,-15,-20,-9,-30,-4,18,-27,9,-15,30,26,-4,1
-11,-24,-13,10,-43,-46,-18,59,1,-27,1,-25,-27,1
50,-19,-8,-32,39,47,34,-27,23,19,-1,34,23,0
-2,14,40,12,-9,-38,-50,46,-47,-6,-26,-13,-16,2
-18,3,-24,12,-26,14,9,-27,-21,-41,-7,9,-44,1
-22,-24,-9,17,-30,23,39,8,9,-14,-37,11,-42,1
24,-18,11,8,34,35,26,-44,46,17,4,20,39,0
57,37,-11,-35,4,49,39,-25,32,-1,13,40,33,0
-4,67,14,17,-30,-30,-45,29,-41,36,-58,-34,-13,2
36,-24,36,51,-30,34,29,-41,15,-22,58,26,-36,1
-24,-21,-8,46,-26,-3,15,10,16,-39,-8,9,-43,1
24,-18,-7,-33,36,44,43,-6,40,15,0,37,5,0
-24,-35,-25,-7,-28,62,37,-46,15,-8,38,13,-34,1
21,23,30,41,49,-45,-14,-38,-19,49,-51,-61,-26,2
22,-16,34,-7,21,3,18,-19,-4,-11,21,13,37,0
-16,-31,-32,3,6,-41,-47,46,-11,35,-53,-49,-11,2
20,-20,33,27,-24,16,-30,43,38,92,-54,-38,-13,2
