seed,initial_acc,teacher_agreement,true_acc,score_mae,active,active_modules,evals,seconds
50000,0.0977778,0.533333,0.537778,111.43,35,3,200000,11.661823
50001,0.113333,0.586667,0.577778,107.896222,28,2,200000,10.902281
50002,0.128889,0.622222,0.615556,112.383778,30,3,200000,9.614297
50003,0.171111,0.546667,0.551111,113.294889,17,0,200000,11.399287
50004,0.102222,0.595556,0.595556,104.276889,43,5,200000,13.991068
50005,0.106667,0.617778,0.620000,106.550444,37,3,200000,9.777996
50006,0.093333,0.622222,0.617778,108.544222,34,2,200000,9.710556
50007,0.066667,0.586667,0.580000,108.957333,27,1,200000,9.424166
50008,0.162222,0.651111,0.653333,109.070000,37,3,200000,10.433451
50009,0.093333,0.631111,0.626667,110.615778,27,2,200000,9.315676
50010,0.040000,0.551111,0.548889,111.768889,19,0,200000,5.932365
50011,0.102222,0.631111,0.624444,108.964000,41,4,200000,6.313040
