dataset,condition,runs,budget_per_run,total_compute,runidx,seed,val_metric,test_metric,active,seconds
breast_cancer,0,1,20000000,20000000,0,80000,0.96875,0.895105,2,17.415176
breast_cancer,1,2,10000000,20000000,0,81000,0.937500,0.916084,2,8.780423
breast_cancer,1,2,10000000,20000000,1,81001,0.968750,0.951049,2,8.093689
breast_cancer,2,4,5000000,20000000,0,82000,0.937500,0.902098,2,4.177921
breast_cancer,2,4,5000000,20000000,1,82001,0.937500,0.951049,2,4.354660
breast_cancer,2,4,5000000,20000000,2,82002,0.968750,0.902098,2,3.831511
breast_cancer,2,4,5000000,20000000,3,82003,0.968750,0.944056,2,4.543014
breast_cancer,3,10,2000000,20000000,0,83000,0.968750,0.923077,2,1.760598
breast_cancer,3,10,2000000,20000000,1,83001,0.968750,0.776224,2,1.472279
breast_cancer,3,10,2000000,20000000,2,83002,0.937500,0.874126,2,1.787781
breast_cancer,3,10,2000000,20000000,3,83003,0.968750,0.930070,2,1.854145
breast_cancer,3,10,2000000,20000000,4,83004,0.968750,0.965035,2,1.943343
breast_cancer,3,10,2000000,20000000,5,83005,0.937500,0.944056,2,1.610541
breast_cancer,3,10,2000000,20000000,6,83006,0.937500,0.937063,2,1.813477
breast_cancer,3,10,2000000,20000000,7,83007,0.937500,0.853147,2,1.629532
breast_cancer,3,10,2000000,20000000,8,83008,0.937500,0.790210,2,1.665434
breast_cancer,3,10,2000000,20000000,9,83009,0.937500,0.881119,2,1.832315
breast_cancer,4,20,1000000,20000000,0,84000,0.937500,0.916084,2,0.870400
breast_cancer,4,20,1000000,20000000,1,84001,0.937500,0.895105,2,0.766390
breast_cancer,4,20,1000000,20000000,2,84002,0.968750,0.902098,2,0.847346
breast_cancer,4,20,1000000,20000000,3,84003,0.968750,0.888112,2,0.846770
breast_cancer,4,20,1000000,20000000,4,84004,0.937500,0.867133,2,0.898155
breast_cancer,4,20,1000000,20000000,5,84005,0.968750,0.916084,2,0.824022
breast_cancer,4,20,1000000,20000000,6,84006,0.906250,0.902098,2,0.888050
breast_cancer,4,20,1000000,20000000,7,84007,0.937500,0.867133,2,0.954095
breast_cancer,4,20,1000000,20000000,8,84008,0.937500,0.902098,2,0.814114
breast_cancer,4,20,1000000,20000000,9,84009,0.906250,0.895105,2,0.848789
breast_cancer,4,20,1000000,20000000,10,84010,0.937500,0.846154,2,0.927547
breast_cancer,4,20,1000000,20000000,11,84011,0.906250,0.930070,2,0.915470
breast_cancer,4,20,1000000,20000000,12,84012,0.937500,0.916084,2,0.900474
breast_cancer,4,20,1000000,20000000,13,84013,0.906250,0.888112,2,0.747563
breast_cancer,4,20,1000000,20000000,14,84014,0.968750,0.937063,2,0.930250
breast_cancer,4,20,1000000,20000000,15,84015,0.937500,0.895105,2,0.856148
breast_cancer,4,20,1000000,20000000,16,84016,0.906250,0.930070,2,0.839936
breast_cancer,4,20,1000000,20000000,17,84017,0.906250,0.818182,2,0.923677
breast_cancer,4,20,1000000,20000000,18,84018,0.906250,0.811189,2,0.646363
breast_cancer,4,20,1000000,20000000,19,84019,0.968750,0.923077,2,0.660410
