dataset,strategy,runs,budget,hidden_test_metric,median_validation_score,active
Breast Cancer,1×2M,1,2000000,0.881119,0.961538,3
Breast Cancer,2×1M,2,1000000,0.937063,0.961538,3
Breast Cancer,4×0.5M,4,500000,0.937063,0.961538,3
Breast Cancer,10×0.2M,10,200000,0.916084,0.961538,9
Diabetes,1×2M,1,2000000,62.4054,-56.2,9
Diabetes,2×1M,2,1000000,55.5135,-58.8,17
Diabetes,4×0.5M,4,500000,55.5135,-58.8,17
Diabetes,10×0.2M,10,200000,59.4955,-49.6,7
Digits,1×2M,1,2000000,0.368889,0.4375,11
Digits,2×1M,2,1000000,0.362222,0.4375,10
Digits,4×0.5M,4,500000,0.504444,0.46875,13
Digits,10×0.2M,10,200000,0.375556,0.46875,11
Wine,1×2M,1,2000000,0.933333,1.0,3
Wine,2×1M,2,1000000,0.933333,1.0,3
Wine,4×0.5M,4,500000,0.933333,1.0,5
Wine,10×0.2M,10,200000,0.933333,1.0,5
