seed,solved,evals,error_bits,exact_cases,active_nodes,seconds
900000,1,780763,0,64,39,0.632016
900001,1,1497659,0,64,34,1.09287
900002,1,4520225,0,64,36,3.18659
900003,1,1706832,0,64,33,1.39244
900004,1,2232863,0,64,40,1.66522
900005,1,1049922,0,64,36,0.865966
900006,1,1626180,0,64,34,1.24947
900007,1,1073550,0,64,36,0.854428
900008,1,348540,0,64,37,0.248864
900009,1,1361526,0,64,39,1.1809
900010,1,1083116,0,64,36,0.840716
900011,1,1172494,0,64,35,1.02913
900012,1,2192859,0,64,43,2.05398
900013,1,2906669,0,64,44,2.26595
900014,1,2087295,0,64,34,1.59152
900015,1,536847,0,64,36,0.450445
900016,1,2261334,0,64,37,1.69623
900017,1,379782,0,64,43,0.314842
900018,1,689462,0,64,35,0.477953
900019,1,1648224,0,64,33,1.39394
900020,1,425108,0,64,32,0.338191
900021,1,2383555,0,64,34,2.03759
900022,1,743107,0,64,36,0.580862
900023,1,556576,0,64,36,0.437836
900024,1,801628,0,64,35,0.618695
900025,0,5000000,1,63,39,4.61976
900026,1,4435144,0,64,33,3.90192
900027,0,5000000,1,63,29,4.16466
900028,0,5000000,1,63,40,4.26439
900029,1,2014547,0,64,37,1.77544
900030,1,3617432,0,64,35,2.6633
900031,0,5000000,3,61,36,3.2266
